badge,city,companyField,company_name,job_edu,job_exp,job_name,job_publisher_name,job_publisher_post,job_sec,job_tags,job_url,positionAdvantage,publish_time
4k-8k,西安,"电子商务,O2O",西安亚购信息科技有限公司,大专,1-3年,数据分析员,,,大专,,https://www.lagou.com/jobs/2353221.html,十三薪；五险一金；出国机会；弹性工作,2018-03-06 09:57:39
5k-7k,西安,"O2O,电子商务",陕西司集能源科技有限公司,大专,1-3年,数据分析,,,大专,"大数据,专员,数据挖掘,SPSS",https://www.lagou.com/jobs/4218470.html,"五险一金,餐补,创业公司,加班补助",2018-03-07 11:50:09
3k-6k,西安,"广告营销,企业服务",西安元茂广告文化传播有限公司,大专,1-3年,数据分析,,,大专,,https://www.lagou.com/jobs/4187559.html,"双休,法定节假日,五险,节日福利",2018-03-06 11:45:55
8k-15k,西安,"移动互联网,O2O",途家网网络技术（北京）有限公司,本科,不限,数据分析师-西安J10013,,,本科,,https://www.lagou.com/jobs/4010581.html,"带薪年假,发展空间大",2018-02-24 15:42:24
8k-15k,西安,"移动互联网,电子商务",西安远古信息科技股份有限公司,本科,3-5年,数据分析工程师,,,本科,"中级,大数据,spark,hadoop",https://www.lagou.com/jobs/4189452.html,"大数据,最多5个字,最多5个字,最多5个字",2018-03-05 15:34:08
6k-12k,西安,数据服务,西安美林电子有限责任公司,本科,1-3年,数据分析师,,,本科,,https://www.lagou.com/jobs/1288457.html,五险一金、商业保险、节日福利等等,2018-02-24 08:53:43
4k-6k,西安,其他,西安链家宝业房地产经纪有限公司,本科,1年以下,数据分析专员,,,本科,"SPSS,数据管理",https://www.lagou.com/jobs/3736342.html,"节日福利,周末双休,员工旅游,五险一金",2018-03-01 14:35:52
4k-6k,西安,"移动互联网,O2O",西安链家宝业房地产经纪有限公司雁塔区第一分公司,本科,1-3年,链家网经管专员（偏数据分析类）,,,本科,"商业,业务运营,运营",https://www.lagou.com/jobs/4008056.html,"五险一金,年底双薪,带薪年假,双休",2018-03-06 09:49:03
7k-12k,西安,教育,学大教育西安分公司,本科,不限,教育行业用户研究（偏数据分析）,,,本科,"教育,需求分析,大数据,数据挖掘",https://www.lagou.com/jobs/3810844.html,"发展平台好,行业潜力大",2018-02-26 18:34:22
10k-20k,上海,医疗健康,平安万家医疗投资管理有限责任公司,本科,1-3年,数据分析,,,本科,"专员,运营,大数据,数据挖掘",https://www.lagou.com/jobs/3043505.html,平安子公司，良好的发展平台,2018-03-06 15:56:11
15k-24k,上海,金融,微贷（杭州）金融信息服务有限公司,本科,3-5年,数据分析师,,,本科,"数据挖掘,大数据,BI,SPSS",https://www.lagou.com/jobs/4106365.html,"扁平化,高端办公室,核心部门,丰厚福利",2018-03-07 21:05:22
10k-15k,上海,金融,平安科技（深圳）有限公司,本科,不限,数据分析师（上海）,,,本科,"金融,软件开发,大数据,数据挖掘,建模,机器学习",https://www.lagou.com/jobs/3715491.html,世界500强 带薪年假 节日福利 绩效丰厚,2018-03-08 15:52:25
10k-20k,上海,"金融,数据服务",杭州恩牛网络技术有限公司,本科,1-3年,数据分析（上海）,,,本科,"数据挖掘,SPSS",https://www.lagou.com/jobs/4184711.html,"全员mac,16薪起,六险一金,弹性工作制",2018-03-08 10:34:27
15k-30k,上海,"移动互联网,教育",上海流利说信息技术有限公司,本科,不限,数据分析师,,,本科,"高级,大数据,数据挖掘,R",https://www.lagou.com/jobs/3473754.html,"N+1奖金,硅谷系,私厨三餐,顶尖团队",2018-03-07 16:53:43
8k-15k,上海,"数据服务,企业服务",北京国双科技有限公司,本科,3-5年,数据分析师 (上海),,,本科,"大数据,数据挖掘,SQL",https://www.lagou.com/jobs/3014736.html,大数据上市公司 发展空间大 氛围好,2018-03-06 11:04:07
8k-12k,上海,"移动互联网,金融",上海数禾信息科技有限公司,硕士,不限,数据分析师,,,硕士,"大数据,数据挖掘,SPSS",https://www.lagou.com/jobs/4021708.html,"移动金融,未来金矿,精英团队,助力成长",2018-03-08 10:02:29
10k-20k,上海,"移动互联网,数据服务",深圳市和讯华谷信息技术有限公司,本科,1-3年,数据分析师 (上海),,,本科,"中级,算法,数据挖掘,机器学习,建模",https://www.lagou.com/jobs/3942319.html,"D轮+,14薪+,攻城狮氛围,弹性工作",2018-03-07 21:28:27
6k-12k,上海,金融,广东鸿特普惠信息服务有限公司,本科,1-3年,数据分析岗,,,本科,"金融,数据挖掘,大数据,SPSS,sas",https://www.lagou.com/jobs/3580369.html,"双休,五险一金,年终奖,旅游",2018-03-06 17:18:22
8k-10k,上海,"移动互联网,金融",杭州财米科技有限公司,硕士,1-3年,数据分析师-上海浦东-01151,,,硕士,,https://www.lagou.com/jobs/3882456.html,弹性工作,2018-03-07 16:46:52
10k-12k,上海,"移动互联网,金融",上海海万信息科技股份有限公司,大专,1-3年,数据分析,,,大专,"中级,hadoop,hive,大数据,spark",https://www.lagou.com/jobs/3345573.html,大平台,2018-03-08 19:54:07
30k-45k,上海,电子商务,唯品会（中国）有限公司,本科,5-10年,资深数据分析师（上海）,,,本科,"大数据,BI,商业,业务运营",https://www.lagou.com/jobs/3727773.html,"大平台,好福利,好公司",2018-03-08 15:40:39
7k-12k,上海,"广告营销,文化娱乐",北京爱奇艺科技有限公司,本科,1-3年,游戏-数据分析-上海,,,本科,,https://www.lagou.com/jobs/3633549.html,福利待遇丰厚,2018-03-04 23:50:08
20k-40k,上海,移动互联网,上海阑途信息技术有限公司,本科,5-10年,资深数据分析师,,,本科,"大数据,BI,可视化,业务运营",https://www.lagou.com/jobs/3807239.html,"一年多次调,优秀团队,地铁周边",2018-03-06 18:59:39
15k-30k,上海,电子商务,北京京东世纪贸易有限公司,本科,3-5年,数据分析师,,,本科,"资深,高级,大数据,可视化,业务运营",https://www.lagou.com/jobs/3756557.html,"发展潜力好,福利多,待遇好,新APP",2018-02-24 18:49:20
15k-30k,北京,"移动互联网,文化娱乐",快看世界（北京）科技有限公司,本科,1-3年,数据分析,,,本科,"金融,数据挖掘,用户研究",https://www.lagou.com/jobs/4006595.html,"七险一金,团队氛围好,福利待遇好,公司发展好",2018-03-08 16:42:01
10k-15k,北京,"移动互联网,文化娱乐",北京车之家信息技术有限公司,本科,3-5年,数据分析师,,,本科,"大数据,数据挖掘",https://www.lagou.com/jobs/4225734.html,"绩效奖金,年终奖,带薪年病假,旅游团建",2018-03-08 11:18:48
15k-25k,北京,"移动互联网,教育",北京作业盒子科技有限公司,本科,1-3年,数据分析师,,,本科,"专家,大数据,数据挖掘",https://www.lagou.com/jobs/3638815.html,"扁平化管理,期权,公司氛围好,互联网教育",2018-03-07 19:56:29
10k-20k,北京,"数据服务,企业服务",北京国双科技有限公司,本科,5-10年,数据分析师,,,本科,"媒体,广告营销,高级,大数据,SQL",https://www.lagou.com/jobs/3272255.html,上市公司 六险一金 牛人多,2018-03-06 09:46:26
10k-20k,北京,电子商务,北京京东世纪贸易有限公司,本科,3-5年,数据分析师,,,本科,"SPSS,sas",https://www.lagou.com/jobs/3977483.html,"大平台,有班车,大牛多",2018-03-06 19:11:54
10k-20k,北京,"移动互联网,教育",光合新知（北京）科技有限公司,大专,1-3年,数据分析,,,大专,"高级,中级,运营,产品经理,大数据",https://www.lagou.com/jobs/3983242.html,"免费早午餐,年假15天,指数级增长,数据量大",2018-03-07 22:02:16
13k-20k,北京,"移动互联网,游戏",奇虎360科技有限公司,本科,1-3年,数据分析,,,本科,"大数据,数据挖掘",https://www.lagou.com/jobs/3175648.html,薪资待遇给力，团队氛围融洽,2018-03-05 10:54:06
10k-20k,北京,"移动互联网,文化娱乐",炫一下（北京）科技有限公司,本科,3-5年,数据分析师,,,本科,"专员,大数据,数据挖掘,SPSS",https://www.lagou.com/jobs/4043973.html,超nice的团队 免费早餐,2018-03-06 11:16:20
10k-20k,北京,"移动互联网,教育",上海一起作业信息科技有限公司,本科,1-3年,数据分析,,,本科,"高级,业务运营,大数据,数据挖掘",https://www.lagou.com/jobs/2940908.html,"完善薪酬,完善福利,办公环境佳,与大牛共事",2018-03-07 14:22:20
18k-36k,北京,"移动互联网 ,游戏",腾讯科技(深圳)有限公司,本科,3-5年,23048-数据分析师,,,本科,数据挖掘,https://www.lagou.com/jobs/3413899.html,"大平台,新领域,大咖多",2018-03-08 10:29:26
8k-15k,北京,"广告营销,文化娱乐",北京爱奇艺科技有限公司,本科,1-3年,数据分析师,,,本科,,https://www.lagou.com/jobs/3807494.html,六险一金 12天年假 补助,2018-03-06 23:50:10
15k-30k,北京,"移动互联网,社交网络",北京默契破冰科技有限公司,本科,3-5年,数据分析师,,,本科,"游戏,社交,文化娱乐,大数据,数据挖掘",https://www.lagou.com/jobs/3569199.html,"六险一金,弹性不打卡,免费午餐,季度旅游",2018-03-08 14:27:53
15k-30k,北京,"移动互联网,金融",包头市包银消费金融股份有限公司,本科,1-3年,数据分析,,,本科,"金融,行业研究,数据挖掘,sas",https://www.lagou.com/jobs/2966105.html,"六险一金,定期团建,节日福利",2018-03-01 09:18:51
10k-20k,北京,"移动互联网,O2O",北京三快在线科技有限公司,本科,1-3年,数据分析师,,,本科,"BI,业务运营,SPSS,sas,R",https://www.lagou.com/jobs/3798453.html,"六险一金,发展好,团队氛围赞",2018-02-26 10:41:54
10k-20k,北京,"移动互联网,金融",北京新工场投资顾问有限公司,本科,1-3年,数据分析师,,,本科,,https://www.lagou.com/jobs/3803867.html,互联网金融 期权激励 六险一金 优秀团队,2018-03-08 11:20:05
10k-20k,杭州,"移动互联网,金融",杭州捕翼网络科技有限公司,本科,3-5年,数据分析师,,,本科,数据挖掘,https://www.lagou.com/jobs/3988269.html,"双休,五险一金,弹性时间,环境舒适",2018-03-07 16:49:28
8k-15k,杭州,"移动互联网,社交网络",杭州点望科技有限公司,本科,3-5年,数据分析,,,本科,,https://www.lagou.com/jobs/3822281.html,"B轮机会,年底多薪,免费体检,扁平管理",2018-03-05 10:56:54
15k-30k,杭州,"金融,数据服务",杭州恩牛网络技术有限公司,硕士,3-5年,数据分析师,,,硕士,"金融,大数据",https://www.lagou.com/jobs/4224931.html,"16薪,数据驱动,成长空间",2018-03-08 10:17:44
6k-10k,杭州,"移动互联网,O2O",杭州大搜车汽车服务有限公司,本科,1-3年,数据分析师,,,本科,"数据挖掘,BI,SPSS",https://www.lagou.com/jobs/1048957.html,期权股份 平台好,2018-03-08 09:50:41
8k-15k,杭州,金融,微贷（杭州）金融信息服务有限公司,本科,不限,数据分析,,,本科,"金融,汽车,sas",https://www.lagou.com/jobs/4186812.html,"互金大平台,超赞年终奖,超耐撕团队,晋升空间大",2018-03-07 09:44:53
10k-20k,杭州,O2O,点我达网络科技有限公司,本科,1-3年,数据分析师,,,本科,"物流,商业,业务运营,SPSS,sas",https://www.lagou.com/jobs/3711948.html,阿里系，15薪，技术领先,2018-03-08 14:13:21
1k-2k,杭州,"移动互联网,金融",杭州财米科技有限公司,本科,不限,数据分析实习生 (MJ000787),,,本科,,https://www.lagou.com/jobs/4225333.html,"弹性工作,公司平台,节假日福利,晋升空间",2018-03-08 10:49:57
15k-30k,杭州,"游戏,文化娱乐",杭州顺网科技股份有限公司,本科,3-5年,数据分析师（大数据方向）,,,本科,"广告营销,数据挖掘",https://www.lagou.com/jobs/4126249.html,"上市公司,发展前景大,大数据方向,用户画像",2018-02-22 13:50:02
15k-30k,杭州,移动互联网,杭州铜板街网络科技有限公司,本科,3-5年,数据分析师,,,本科,"金融,SPSS,sas",https://www.lagou.com/jobs/3917751.html,股票期权；年终奖金；弹性工作,2018-03-01 10:54:47
15k-26k,杭州,"移动互联网,电子商务",杭州一骑轻尘信息技术有限公司,本科,1-3年,资深数据分析师,,,本科,"高级,BI,大数据,数据挖掘,SPSS",https://www.lagou.com/jobs/3949310.html,"双休,五险一金,餐补,年终奖",2018-03-08 10:08:18
22k-35k,杭州,移动互联网,杭州群核信息技术有限公司,本科,3-5年,数据分析专家,,,本科,"大数据,数据挖掘",https://www.lagou.com/jobs/3990582.html,期权激励、年度旅游、弹性工作、氛围欢乐,2018-03-08 18:23:59
15k-30k,杭州,"移动互联网,教育",杭州铭师堂教育科技发展有限公司,本科,3-5年,资深数据分析师,,,本科,,https://www.lagou.com/jobs/3108932.html,"自主盈利,团队有大牛,团队氛围赞",2018-03-07 18:37:38
10k-15k,杭州,"移动互联网,数据服务",浙江执御信息技术有限公司,本科,3-5年,数据分析师,,,本科,"移动互联网,大数据,数据挖掘,SPSS",https://www.lagou.com/jobs/3707764.html,"发展空间,团队氛围,个人成长,海量数据",2018-03-08 11:22:22
8k-16k,杭州,"移动互联网,招聘",杭州弧途科技有限公司,本科,3-5年,数据分析师,,,本科,"本地生活,大数据,数据挖掘,数据监控",https://www.lagou.com/jobs/4155587.html,"晋升平台,发展空间,五险一金,周末双休",2018-03-08 10:31:36
10k-20k,杭州,移动互联网,杭州兑吧网络科技有限公司,本科,3-5年,数据分析师,,,本科,"BI,商业,大数据,数据挖掘",https://www.lagou.com/jobs/4021893.html,"发展空间大,数据量级高,全员出国游,零食下午茶",2018-03-08 16:45:49
10k-20k,深圳,"移动互联网,金融",岩心科技（深圳）有限公司,本科,1-3年,数据分析师,,,本科,"电商,大数据,BI,数据挖掘,数据管理",https://www.lagou.com/jobs/3233747.html,"项目前景好,成长空间大,团队牛人多,期权激励",2018-03-08 13:18:29
15k-30k,深圳,"移动互联网 ,游戏",腾讯科技(深圳)有限公司,本科,3-5年,数据分析师,,,本科,"广告营销,数据挖掘,广告投放",https://www.lagou.com/jobs/4195706.html,"大平台,鹅厂福利",2018-03-08 10:38:31
8k-15k,深圳,"移动互联网,数据服务",深圳市前海亿车科技有限公司,本科,1-3年,停车场评估/数据分析,,,本科,"大数据,数据挖掘,SPSS",https://www.lagou.com/jobs/4164796.html,"行业独角兽,发展空间大,福利待遇好",2018-03-08 10:26:56
15k-30k,深圳,"移动互联网,金融",深圳市随手科技有限公司,本科,5-10年,数据分析师,,,本科,"金融,互联网金融,大数据",https://www.lagou.com/jobs/2518090.html,金融大数据，携2.6亿用户寻找敲钟小伙伴,2018-03-05 10:47:14
12k-18k,深圳,移动互联网,深圳平安讯科技术有限公司,本科,1-3年,数据分析师,,,本科,"广告营销,大数据,数据挖掘,SPSS,用户研究",https://www.lagou.com/jobs/3629317.html,"领导好,福利好,技术大牛",2018-03-08 09:20:50
25k-50k,深圳,电子商务,深圳虾皮信息科技有限公司,本科,5-10年,数据分析师/高级数据分析师,,,本科,"数据挖掘,大数据",https://www.lagou.com/jobs/4182658.html,"新加坡公司,东南亚市场,15天年假,大牛多",2018-03-08 11:10:09
10k-20k,深圳,"移动互联网,数据服务",深圳市和讯华谷信息技术有限公司,本科,1-3年,极光调研 - 数据分析师,,,本科,"中级,算法,数据挖掘,机器学习,大数据",https://www.lagou.com/jobs/4084200.html,"业界第一,14薪+,牛逼团队,D轮+",2018-03-07 21:28:28
15k-30k,深圳,移动互联网,广东欧珀移动通信有限公司,本科,1-3年,数据分析师,,,本科,"大数据,数据挖掘,BI",https://www.lagou.com/jobs/3868326.html,核心事业群 千万级日活 氛围好 组织扁平,2018-03-07 16:43:59
15k-20k,深圳,金融,招商银行股份有限公司,本科,1-3年,数据分析及数据产品经理岗,,,本科,,https://www.lagou.com/jobs/4215581.html,发展空间大,2018-03-06 20:27:23
15k-25k,深圳,金融,深圳市佰仟金融服务有限公司,本科,5-10年,数据分析师,,,本科,"大数据,数据挖掘",https://www.lagou.com/jobs/4228368.html,"发展机会多,部门牛人多",2018-03-08 16:05:11
15k-30k,深圳,金融,中国平安人寿保险股份有限公司,本科,3-5年,数据分析师,,,本科,"app,运营,产品,用户,活动",https://www.lagou.com/jobs/4227237.html,大平台，互联网保险发展引擎，办公环境一流,2018-03-08 14:26:47
18k-28k,深圳,金融,招联消费金融有限公司,本科,3-5年,数据分析工程师,,,本科,大数据,https://www.lagou.com/jobs/422119.html,初创公司，朝阳行业，广阔的发展空间,2018-03-08 20:29:18
8k-15k,深圳,移动互联网,深圳市博悦科创科技有限公司,本科,1-3年,急聘数据分析,,,本科,"大数据,数据挖掘,建模",https://www.lagou.com/jobs/4001717.html,福利待遇好，发展空间大,2018-03-08 11:08:33
15k-20k,深圳,"移动互联网,电子商务",顺丰科技有限公司,本科,3-5年,00386-数据分析经理,,,本科,,https://www.lagou.com/jobs/4007720.html,核心产品,2018-03-07 09:13:58
15k-25k,深圳,"移动互联网,硬件",深圳闻善科技有限公司,本科,1-3年,数据分析师,,,本科,"游戏,数据挖掘,建模,数值",https://www.lagou.com/jobs/4177468.html,福利多,2018-03-08 16:05:22
6k-12k,上海,"金融,数据服务",杭州恩牛网络技术有限公司,本科,1-3年,数据分析（上海）,,,本科,"金融,运营,SPSS",https://www.lagou.com/jobs/4196530.html,"16薪起,六险一金,弹性工作,全员mac",2018-03-03 11:09:49
6k-12k,上海,"移动互联网,金融",上海数禾信息科技有限公司,本科,1-3年,数据分析师,,,本科,,https://www.lagou.com/jobs/3433869.html,"移动金融,未来金矿,精英团队,助力成长",2018-03-08 10:02:28
2k-3k,上海,"移动互联网,金融",杭州财米科技有限公司,不限,不限,数据分析师（实习生）,,,不限,大数据,https://www.lagou.com/jobs/947128.html,弹性工作，大牛分享，早餐下午茶晚餐,2018-03-07 16:46:59
15k-30k,上海,"移动互联网,其他",哦加哦网络科技（上海）有限公司,本科,1-3年,数据分析,,,本科,"商业,数据挖掘,sas",https://www.lagou.com/jobs/4139378.html,快速发展,2018-03-08 15:49:52
15k-30k,上海,"移动互联网,金融",晋松（上海）网络信息技术有限公司,本科,3-5年,数据分析,,,本科,"高级,hadoop,数据挖掘,大数据",https://www.lagou.com/jobs/4120890.html,发展空间大,2018-03-08 09:31:42
10k-20k,上海,"数据服务,企业服务",北京国双科技有限公司,本科,5-10年,高级数据分析师,,,本科,"金融,媒体,大数据,数据挖掘,策略",https://www.lagou.com/jobs/4018476.html,上市公司 前景佳 氛围好 牛人多,2018-03-07 13:37:38
8k-10k,上海,"移动互联网,游戏",上海木七七网络科技有限公司,本科,1-3年,数据分析,,,本科,"游戏,专员,运营,游戏策划,数值",https://www.lagou.com/jobs/4181502.html,"Excel,SQL,分析",2018-03-08 19:34:48
15k-25k,上海,"企业服务,数据服务",华院数据技术（上海）有限公司,硕士,3-5年,大数据分析师,,,硕士,"讲师,数据挖掘,SPSS",https://www.lagou.com/jobs/2708205.html,"发展空间大,六险一金,10天年假,各类补助",2018-03-07 17:59:52
8k-15k,上海,金融,上海厚本金融信息服务有限公司,硕士,1-3年,数据分析师,,,硕士,"金融,SPSS,R,matlab,VBA",https://www.lagou.com/jobs/3882713.html,"五险一金,交通补贴,通讯补贴,餐补",2018-03-08 09:12:59
15k-30k,上海,"移动互联网,O2O",北京三快在线科技有限公司,本科,3-5年,高级数据分析,,,本科,"数据挖掘,SPSS,sas",https://www.lagou.com/jobs/3753098.html,"五险一金,做五休二,补充医疗,年度体检",2018-03-07 09:49:15
15k-25k,上海,"金融,移动互联网",上海鱼耀金融信息服务有限公司,本科,3-5年,数据分析,,,本科,"金融,支付,可视化,风控,量化",https://www.lagou.com/jobs/3347946.html,"五险一金,年终双薪",2018-03-08 18:31:13
12k-15k,上海,"数据服务,广告营销",电通安吉斯（上海）投资有限公司,本科,1-3年,数据分析,,,本科,"高级,数据挖掘",https://www.lagou.com/jobs/4213152.html,团队融洽,2018-03-06 16:28:19
15k-29k,上海,电子商务,上海宝尊电子商务有限公司,本科,3-5年,数据分析师,,,本科,"电商,高级,数据挖掘",https://www.lagou.com/jobs/3877702.html,"福利好,领导好,环境好,氛围好",2018-03-08 13:45:43
15k-25k,上海,金融,上海拍拍贷金融信息服务有限公司,不限,不限,数据分析专家,,,不限,资深,https://www.lagou.com/jobs/4229911.html,智慧金融,2018-03-08 18:51:06
15k-30k,上海,电子商务,上海中通吉网络技术有限公司,大专,5-10年,数据分析师,,,大专,"资深,数据挖掘",https://www.lagou.com/jobs/4196282.html,"扁平化,大数据,五险一金",2018-03-08 09:11:01
15k-25k,北京,"移动互联网,文化娱乐",北京车之家信息技术有限公司,本科,3-5年,数据分析师,,,本科,"汽车,行业研究,市场分析",https://www.lagou.com/jobs/3979904.html,福利待遇好,2018-03-08 11:23:54
10k-20k,北京,"移动互联网,文化娱乐",炫一下（北京）科技有限公司,本科,3-5年,数据分析,,,本科,"移动互联网,高级,专员,商业,业务运营",https://www.lagou.com/jobs/3936507.html,业务发展快，成长空间大,2018-03-05 13:41:05
15k-30k,北京,"移动互联网,旅游",北京蚂蜂窝网络科技有限公司,本科,3-5年,数据分析师,,,本科,"大数据,数据挖掘,SPSS",https://www.lagou.com/jobs/2853840.html,"海量数据,核心业务",2018-03-07 17:56:57
18k-35k,北京,"移动互联网,游戏",奇虎360科技有限公司,本科,3-5年,数据分析师,,,本科,"金融,BI,可视化,业务运营,growth",https://www.lagou.com/jobs/2955856.html,平台大、发展好，业务发展迅速,2018-03-07 12:16:54
15k-25k,北京,"移动互联网,金融",银客未来科技（北京）有限公司,本科,1-3年,数据分析师,,,本科,"大数据,数据挖掘",https://www.lagou.com/jobs/3463098.html,"七险一金,绩效奖金,员工福利,弹性工作",2018-03-06 18:56:19
20k-40k,北京,"移动互联网,O2O",北京三快在线科技有限公司,本科,3-5年,数据分析师,,,本科,"资深,高级,专员,数据挖掘,BI",https://www.lagou.com/jobs/3993990.html,"职业前景好,工作环境好",2018-03-06 17:38:21
20K-40K,北京,"移动互联网,教育",北京作业盒子科技有限公司,本科,3-5年,数据分析师,,,本科,"大数据,数据挖掘",https://www.lagou.com/jobs/3925953.html,技术,2018-03-05 11:38:06
12k-20k,北京,移动互联网,掌阅科技股份有限公司,本科,3-5年,数据分析师,,,本科,"大数据,SPSS",https://www.lagou.com/jobs/3761779.html,"上市公司,行业领先",2018-03-05 11:25:42
10k-20k,北京,电子商务,北京京东世纪贸易有限公司,本科,3-5年,数据分析师,,,本科,电商,https://www.lagou.com/jobs/3836944.html,"福利好,大平台",2018-03-08 09:25:46
25k-50k,北京,"移动互联网,O2O",链家网（北京）科技有限公司,本科,不限,数据分析师 - 增长方向,,,本科,"房产服务,growth hacking,大数据,数据挖掘",https://www.lagou.com/jobs/4080405.html,数据驱动增长，挑战大，弹性工作,2018-03-08 12:48:22
15k-20k,北京,移动互联网,北京爱声声科技有限公司,本科,3-5年,数据分析师,,,本科,"数据挖掘,SPSS",https://www.lagou.com/jobs/4056939.html,互联网前沿,2018-03-08 10:58:36
10k-15k,北京,"移动互联网,金融",杭州财米科技有限公司,不限,1-3年,数据分析师 (MJ000766),,,不限,,https://www.lagou.com/jobs/4155069.html,五险一金,2018-03-07 16:46:52
10k-20k,北京,"金融,移动互联网",中信百信银行股份有限公司,本科,1-3年,数据分析师,,,本科,数据挖掘,https://www.lagou.com/jobs/3706684.html,"平台空间,银行福利,大牛多,股权期权",2018-03-05 15:18:01
25k-35k,北京,移动互联网,北京趣拿软件科技有限公司,本科,3-5年,数据分析工程师-专车事业部,,,本科,"高级,大数据,数据挖掘,算法",https://www.lagou.com/jobs/4227618.html,发展前景广阔，福利待遇优厚，工作环境优良,2018-03-08 14:58:21
6k-12k,北京,"广告营销,文化娱乐",北京爱奇艺科技有限公司,本科,1-3年,数据分析师,,,本科,"广告营销,大数据,统计,SPSS",https://www.lagou.com/jobs/3828899.html,福利待遇好高，职业发展前景好,2018-03-05 17:24:34
15k-25k,杭州,"金融,数据服务",杭州恩牛网络技术有限公司,本科,3-5年,数据分析师,,,本科,"数据挖掘,SPSS",https://www.lagou.com/jobs/3166155.html,"全员MAC,弹性工作制,餐饮补贴,六险一金",2018-03-08 10:34:28
8K-16K,杭州,"移动互联网,O2O",杭州大搜车汽车服务有限公司,不限,不限,数据分析师,,,不限,"大数据,BI,业务运营",https://www.lagou.com/jobs/4196384.html,E轮融资，独角兽公司，未来有很大发展空间,2018-03-03 10:20:36
20k-35k,杭州,O2O,点我达网络科技有限公司,本科,3-5年,数据分析主管,,,本科,"大数据,BI,产品经理",https://www.lagou.com/jobs/4104671.html,阿里系 15-18薪 扁平化管理 出国游,2018-03-08 14:13:20
10K-15K,杭州,"移动互联网,数据服务",浙江执御信息技术有限公司,本科,1-3年,数据分析,,,本科,"电商,BI,数据挖掘,SQL,SPSS",https://www.lagou.com/jobs/3193728.html,一个有梦想有挑战的公司，赶紧加入吧,2018-03-08 10:18:00
2k-4k,杭州,"移动互联网,金融",杭州财米科技有限公司,本科,不限,数据分析实习生,,,本科,大数据,https://www.lagou.com/jobs/1782499.html,弹性工作专业分享早餐下午茶晚餐,2018-03-07 16:46:53
12k-24k,杭州,"企业服务,数据服务",杭州观数信息科技有限公司,本科,3-5年,数据分析师,,,本科,"金融,资深,大数据,数据挖掘,BI",https://www.lagou.com/jobs/3045803.html,"成长空间,牛人团队,独挡一面,期权激励",2018-03-08 19:24:23
16k-32k,杭州,移动互联网,北京嘀嘀无限科技发展有限公司,本科,3-5年,数据分析师,,,本科,"算法,数据挖掘,机器学习,大数据",https://www.lagou.com/jobs/4160546.html,"大平台,六险一金,薪资待遇,发展空间",2018-03-08 22:37:26
4k-8k,杭州,"移动互联网,电子商务",杭州多麦电子商务股份有限公司,大专,1-3年,数据分析,,,大专,"大数据,数据挖掘,SPSS",https://www.lagou.com/jobs/4186571.html,弹性工作 国内外旅游 各种补贴 扁平化管理,2018-03-08 15:59:42
15K-20K,杭州,"企业服务,移动互联网",心怡科技股份有限公司,本科,5-10年,数据分析,,,本科,"主管,人事,薪酬福利,SPSS",https://www.lagou.com/jobs/4079521.html,"C轮融资,阿里投资,办公氛围好",2018-03-05 17:32:13
20k-35k,杭州,"信息安全,数据服务",同盾科技有限公司,本科,5-10年,数据分析,,,本科,"大数据,数据挖掘,算法",https://www.lagou.com/jobs/3902867.html,"五险一金,带薪年假",2018-03-07 11:37:44
20k-40k,杭州,"移动互联网,金融",杭州万家乐网络科技有限公司,本科,3-5年,数据分析师,,,本科,"风控,经理,大数据,数据挖掘,SPSS",https://www.lagou.com/jobs/3989357.html,"五险一金,节假日福利,等等",2018-03-06 10:47:58
10k-20k,杭州,"电子商务,移动互联网",浙江集商优选电子商务有限公司,本科,3-5年,大数据分析师,,,本科,,https://www.lagou.com/jobs/4216666.html,"千万级用户,股票期权,弹性工作,试用期全",2018-03-07 10:00:59
10k-15k,杭州,移动互联网,浙江格家网络技术有限公司,本科,3-5年,数据分析师,,,本科,,https://www.lagou.com/jobs/4149580.html,"发展前景好,成长空间,团建活动",2018-03-07 19:44:12
15k-25k,杭州,"企业服务,数据服务",华院数据技术（上海）有限公司,硕士,3-5年,大数据分析师,,,硕士,"算法,数据挖掘,SPSS",https://www.lagou.com/jobs/4076169.html,"六险一金,10天年假,学院氛围,年度旅游",2018-03-07 17:59:52
20k-35k,杭州,"企业服务,数据服务",北京数美时代科技有限公司,本科,1-3年,数据分析师,,,本科,"资深,高级,中级,大数据,数据挖掘",https://www.lagou.com/jobs/3761791.html,"大牛如云,飞速发展,海量数据,海量数据",2018-03-07 00:25:04
18k-36k,深圳,"移动互联网 ,游戏",腾讯科技(深圳)有限公司,本科,3-5年,mig -- 数据分析师,,,本科,数据挖掘,https://www.lagou.com/jobs/3527516.html,大平台,2018-03-08 09:53:56
15k-30k,深圳,"移动互联网,金融",深圳市随手科技有限公司,本科,5-10年,数据分析主管,,,本科,"高级,大数据,数据挖掘",https://www.lagou.com/jobs/2945659.html,"互联网金融,2亿用户,完善的福利,氛围好",2018-03-07 10:19:06
10k-20k,深圳,"移动互联网,数据服务",深圳市和讯华谷信息技术有限公司,本科,1-3年,数据分析（深圳）,,,本科,"中级,数据挖掘,数据建模,SPSS,机器学习",https://www.lagou.com/jobs/3941849.html,"D轮+,14薪+,攻城狮氛围,弹性工作",2018-03-07 21:28:26
10k-15k,深圳,"移动互联网,电子商务",顺丰科技有限公司,本科,3-5年,00578-数据分析工程师,,,本科,,https://www.lagou.com/jobs/4024825.html,核心产品,2018-03-06 19:40:01
6k-12k,深圳,移动互联网,深圳市博悦科创科技有限公司,本科,1-3年,数据分析,,,本科,"大数据,数据挖掘,建模",https://www.lagou.com/jobs/4212533.html,福利好，项目佳，有发展空间,2018-03-07 14:11:15
9k-14k,深圳,"电子商务,金融",深圳市紫川软件有限公司,本科,3-5年,数据分析师,,,本科,"大数据,数据挖掘,建模",https://www.lagou.com/jobs/4059267.html,周末双休 五险一金 员工旅游,2018-03-08 08:44:38
20k-30k,深圳,"移动互联网,数据服务",深圳数位传媒科技有限公司,本科,5-10年,数据分析师,,,本科,"金融,SPSS,sas",https://www.lagou.com/jobs/4210417.html,"14薪起,股票期权,大牛团队,技术氛围好",2018-03-08 09:00:32
10k-20k,深圳,"移动互联网,O2O",深圳市幸福西饼食品有限公司,本科,3-5年,数据分析,,,本科,"大数据,数据挖掘,SPSS",https://www.lagou.com/jobs/4099483.html,"周末双休,弹性工作,季度团建,项目奖励",2018-03-07 17:16:09
10k-20k,深圳,"移动互联网,金融",深圳众禄基金销售股份有限公司,大专,1-3年,数据分析师,,,大专,"大数据,数据挖掘,SPSS,sas",https://www.lagou.com/jobs/3724533.html,"互联网金融,新三板,团队氛围",2018-03-08 10:41:08
38k-65k,深圳,"企业服务,金融",深圳白骑士大数据有限公司,硕士,5-10年,数据分析总监,,,硕士,"金融,数据挖掘,机器学习,深度学习,算法",https://www.lagou.com/jobs/4230035.html,"平台好,创新型,发展迅速,股权期权",2018-03-08 19:20:57
7k-8k,深圳,移动互联网,武汉佰钧成技术有限责任公司,本科,1-3年,数据分析员,,,本科,"专员,业务运营,大数据,统计,SPSS",https://www.lagou.com/jobs/4057874.html,"腾讯平台,弹性工作,六险一金",2018-03-07 19:46:24
15k-20k,深圳,金融,海南新浪爱问普惠科技有限公司,本科,3-5年,数据分析师,,,本科,"大数据,数据挖掘",https://www.lagou.com/jobs/4108846.html,"年终奖,餐补,员工旅游,年度体检",2018-03-08 09:55:47
5k-8k,深圳,电子商务,深圳市环球易购电子商务有限公司,本科,不限,数据分析师,,,本科,活动,https://www.lagou.com/jobs/1574129.html,上市公司 福利待遇优厚,2018-03-08 09:53:24
20k-40k,深圳,移动互联网,广东欧珀移动通信有限公司,本科,3-5年,高级数据分析师,,,本科,"大数据,数据挖掘",https://www.lagou.com/jobs/3868319.html,核心事业群 千万级日活 氛围好 组织扁平,2018-03-07 16:44:01
20K-30K,深圳,"其他,硬件",宇星科技发展（深圳）有限公司,硕士,5-10年,大数据分析师,,,硕士,,https://www.lagou.com/jobs/3398270.html,年中大假及旅游、年度体检、五险一金,2018-03-08 10:16:28
20k-30k,广州,移动互联网,广州荔支网络技术有限公司,本科,1-3年,数据分析师,,,本科,"移动互联网,直播,大数据,用户研究",https://www.lagou.com/jobs/3885662.html,发展空间大,2018-03-08 10:27:15
5k-7k,广州,"移动互联网,生活服务",恒大地产集团珠三角房地产开发有限公司,本科,1-3年,数据分析,,,本科,"房产服务,调研,市场分析",https://www.lagou.com/jobs/3461001.html,"500强,上市公司,发展空间大,福利好",2018-03-06 08:53:32
20k-40k,广州,"移动互联网 ,游戏",腾讯科技(深圳)有限公司,本科,3-5年,WXG-111数据分析师,,,本科,,https://www.lagou.com/jobs/3723781.html,微信大平台,2018-03-07 19:34:22
15k-25k,广州,移动互联网,广州华多网络科技有限公司,不限,不限,数据分析师 (MJ000517),,,不限,,https://www.lagou.com/jobs/4166677.html,平台大,2018-03-07 16:53:26
30k-45k,广州,电子商务,唯品会（中国）有限公司,本科,5-10年,资深数据分析师,,,本科,"大数据,BI,商业,业务运营",https://www.lagou.com/jobs/3727751.html,"大平台,好福利,好领导",2018-03-08 15:40:39
15k-25k,广州,"企业服务,O2O",广州博鳌纵横网络科技有限公司,本科,3-5年,数据分析经理,,,本科,"大数据,数据挖掘,SPSS",https://www.lagou.com/jobs/3549140.html,平台大 福利好,2018-03-07 19:30:04
15k-25k,广州,"企业服务,信息安全",广东利通科技投资有限公司,硕士,1-3年,数据分析师,,,硕士,"金融,算法,大数据,SPSS,sas",https://www.lagou.com/jobs/3679128.html,"优秀团队,行业前景,丰厚奖金,带薪年假",2018-03-07 18:17:14
10k-20k,广州,"金融,移动互联网",深圳合众财富金融投资管理有限公司广州分公司,大专,3-5年,数据分析师,,,大专,"金融,大数据",https://www.lagou.com/jobs/4053325.html,"五险一金,年终奖,周末双休,加班补贴",2018-03-08 10:50:13
5k-10k,广州,"移动互联网,金融",广东省电信规划设计院有限公司,本科,不限,大数据咨询及数据分析,,,本科,数据挖掘,https://www.lagou.com/jobs/4225119.html,"年底双薪,绩效奖励,高温补贴,餐补",2018-03-08 10:32:25
8k-13k,广州,"移动互联网,电子商务",广州富米科技有限公司,本科,1-3年,数据分析师,,,本科,"电商,高级,专员,产品,运营",https://www.lagou.com/jobs/3375293.html,"成长快~,氛围活跃,包两餐,零食供应",2018-03-07 18:24:02
6k-8k,广州,"O2O,移动互联网",恒腾网络集团有限公司,本科,1-3年,数据分析师,,,本科,"资深,高级,大数据,专员,SPSS",https://www.lagou.com/jobs/4215753.html,五险一金 年终奖金 员工旅游 绩效奖金,2018-03-08 09:42:48
4k-8k,广州,教育,北京尚德在线教育科技有限公司,本科,1-3年,数据分析,,,本科,"SPSS,数据管理",https://www.lagou.com/jobs/4070834.html,"周末双休,五险一金",2018-03-08 13:58:50
10k-15k,广州,移动互联网,广州牧云网络科技有限公司,本科,3-5年,数据分析师,,,本科,"资深,大数据,数据挖掘,SPSS,sas",https://www.lagou.com/jobs/3406845.html,"技能成长,团队氛围好,公司发展快,年轻人多",2018-03-08 11:32:32
5k-7k,广州,教育,广东世纪晓教育科技有限公司,本科,1-3年,数据分析,,,本科,CRM,https://www.lagou.com/jobs/3820723.html,"CBD办公,发展空间大,五险一金,福利齐全",2018-03-08 09:42:14
2k-4k,广州,移动互联网,广州楠天网络科技有限公司,大专,不限,数据分析,,,大专,"助理,实习生,人事",https://www.lagou.com/jobs/4204877.html,"团队氛围好,下午茶",2018-03-08 14:27:05
14k-20k,北京,"移动互联网,文化娱乐",北京车之家信息技术有限公司,本科,3-5年,数据分析师,,,本科,"大数据,数据挖掘",https://www.lagou.com/jobs/4223023.html,"福利待遇好,团队氛围好",2018-03-07 18:10:51
10k-20k,北京,"移动互联网,文化娱乐",炫一下（北京）科技有限公司,本科,1-3年,数据分析师,,,本科,"大数据,数据挖掘",https://www.lagou.com/jobs/4015286.html,行业top 发展空间,2018-03-06 10:49:53
10k-15k,北京,"移动互联网,O2O",北京三快在线科技有限公司,本科,3-5年,数据分析,,,本科,"专员,SPSS",https://www.lagou.com/jobs/3796801.html,"平台大,发展好,大牛云集",2018-03-02 16:04:59
15k-25k,北京,"移动互联网,游戏",奇虎360科技有限公司,本科,1-3年,数据分析师,,,本科,"运营,产品",https://www.lagou.com/jobs/3923069.html,"大平台,福利好,牛人多",2018-03-02 11:44:11
20k-35k,北京,电子商务,北京京东世纪贸易有限公司,本科,3-5年,数据分析师,,,本科,"数据挖掘,用户研究",https://www.lagou.com/jobs/4037728.html,"上市公司,大平台,班车,技术氛围好",2018-03-07 09:40:39
10k-20k,北京,"移动互联网,金融",银客未来科技（北京）有限公司,本科,3-5年,数据分析师,,,本科,"媒体,广告营销,高级,运营,数据挖掘",https://www.lagou.com/jobs/3911487.html,"弹性工作,免费午晚餐,季度绩效,七险一金",2018-03-05 10:22:27
18k-30k,北京,"移动互联网,金融",包头市包银消费金融股份有限公司,本科,不限,数据分析J10038,,,本科,,https://www.lagou.com/jobs/4154405.html,"六险一金,绩效奖金,年终分红,超长年假",2018-03-01 09:18:48
7k-14k,北京,移动互联网,北京卡车之家信息技术股份有限公司,本科,1-3年,数据分析师,,,本科,"大数据,用户研究",https://www.lagou.com/jobs/4227323.html,"公司氛围好,新三板,福利假",2018-03-08 14:32:30
20k-40k,北京,"移动互联网,教育",北京作业盒子科技有限公司,本科,3-5年,数据分析师,,,本科,"大数据,数据挖掘",https://www.lagou.com/jobs/3811959.html,"福利好,氛围好,六险一金,下午茶",2018-02-27 15:41:49
20k-40k,北京,"移动互联网,O2O",链家网（北京）科技有限公司,本科,1-3年,新房研发部-增长方向数据分析师,,,本科,"汽车,房产服务,高级,大数据,用户研究",https://www.lagou.com/jobs/4078933.html,工作机会大，挑战大，弹性工作，带薪年假,2018-03-06 11:59:58
10k-20k,北京,"移动互联网,教育",上海一起作业信息科技有限公司,本科,1-3年,数据分析工程师,,,本科,"初级,数据挖掘,SQL,SPSS",https://www.lagou.com/jobs/3161560.html,"14薪,团队好",2018-03-07 14:22:23
15k-30k,北京,"移动互联网,教育",小船出海教育科技（北京）有限公司,本科,3-5年,数据分析工程师,,,本科,"资深,高级,中级,大数据,数据挖掘",https://www.lagou.com/jobs/4154998.html,好平台+高薪酬+优厚福利,2018-03-06 14:16:45
18k-24k,北京,金融,钱包金服（北京）科技有限公司,本科,3-5年,数据分析工程师,,,本科,"金融,硬件制造,大数据,数据挖掘,sas",https://www.lagou.com/jobs/4180192.html,A股上市公司金融科技品牌,2018-03-06 10:44:28
25k-40k,北京,移动互联网,北京市商汤科技开发有限公司,本科,3-5年,数据分析师,,,本科,"广告营销,数据挖掘",https://www.lagou.com/jobs/3939879.html,"环境好,福利多多,晋升空间大,奋斗团队",2018-02-26 09:57:42
30k-50k,北京,"移动互联网,金融",海南新软软件有限公司北京分公司,本科,5-10年,资深数据分析师,,,本科,"数据挖掘,SPSS",https://www.lagou.com/jobs/4198564.html,"朝阳行业,海量数据,极客氛围,福利稳稳的",2018-03-08 10:59:09
10K-20K,杭州,"金融,数据服务",杭州恩牛网络技术有限公司,本科,3-5年,数据分析师,,,本科,"金融,资深,高级,数据挖掘,建模",https://www.lagou.com/jobs/3432969.html,"全员mac,技术驱动,六险一金",2018-03-08 10:22:19
10k-20k,杭州,"移动互联网,数据服务",浙江执御信息技术有限公司,不限,3-5年,数据分析师,,,不限,"资深,高级,BI,商业,业务运营",https://www.lagou.com/jobs/3333115.html,"晋升空间,团队管理,年终奖金,旅游活动",2018-03-07 13:23:01
10k-20k,杭州,O2O,点我达网络科技有限公司,本科,1-3年,数据分析专员,,,本科,"统计,SPSS,sas",https://www.lagou.com/jobs/3543671.html,阿里系 扁平化管理 15薪,2018-03-08 14:13:21
12k-20k,杭州,"移动互联网,O2O",杭州大搜车汽车服务有限公司,本科,3-5年,高级数据分析师,,,本科,"金融,数据挖掘,SPSS,sas",https://www.lagou.com/jobs/2083560.html,股票期权,2018-03-08 09:50:34
8k-15k,杭州,"移动互联网,金融",杭州霖梓网络科技有限公司,本科,3-5年,数据分析,,,本科,"金融,财务,统计",https://www.lagou.com/jobs/4202135.html,"五险一金,弹性上班,餐补交补",2018-03-08 16:10:28
20k-35k,杭州,移动互联网,杭州微拍堂文化创意有限公司,大专,3-5年,数据分析,,,大专,"SQL,python",https://www.lagou.com/jobs/4005253.html,"六险一金,十四薪,出国旅游,节日福利",2018-03-08 16:08:28
3k-5k,杭州,"移动互联网,电子商务",杭州多麦电子商务股份有限公司,大专,1年以下,数据分析师,,,大专,"电商,广告营销,专员,运营",https://www.lagou.com/jobs/4213476.html,双休 稳定 上市公司,2018-03-06 16:48:09
6k-10k,杭州,"移动互联网,金融",杭州捕翼网络科技有限公司,本科,3-5年,民宿行业数据分析,,,本科,"旅游,媒体,运营,市场分析",https://www.lagou.com/jobs/4118013.html,"C轮2亿,互联网加,年终奖,五险一金",2018-03-07 10:18:11
10k-20k,杭州,移动互联网,浙江阿拉丁电子商务股份有限公司,本科,3-5年,数据分析师,,,本科,"大数据,数据挖掘,SPSS",https://www.lagou.com/jobs/3765890.html,"福利好,补贴多,年终奖,扁平化",2018-03-08 10:00:20
3k-4k,杭州,"移动互联网,金融",杭州财米科技有限公司,本科,不限,数据分析-偏建模（实习生）-杭州-00917,,,本科,"数据挖掘,算法,业务分析",https://www.lagou.com/jobs/3382837.html,弹性工作,2018-03-07 16:46:54
10k-20k,杭州,"移动互联网,电子商务",浙江森马电子商务有限公司,本科,3-5年,高级数据分析师,,,本科,"电商,业务运营,大数据,数据挖掘",https://www.lagou.com/jobs/2649198.html,双休 五险一金 上市公司 晋升空间大,2018-03-07 10:32:51
10k-16k,杭州,移动互联网,浙江每日互动网络科技股份有限公司,本科,1-3年,数据分析,,,本科,"大数据,数据挖掘",https://www.lagou.com/jobs/2754502.html,扁平化管理，生日趴， 各种美食水果,2018-03-06 09:38:35
5k-7k,杭州,"移动互联网,O2O",北京斗米优聘科技发展有限公司,大专,1-3年,数据分析专员,,,大专,"旅游,医疗健康,SPSS",https://www.lagou.com/jobs/4226067.html,"五险一金,定期体检,绩效奖金,节日福利",2018-03-08 11:42:46
18k-32k,杭州,"信息安全,数据服务",同盾科技有限公司,本科,3-5年,数据分析-杭州-00491,,,本科,"大数据,数据挖掘",https://www.lagou.com/jobs/4058607.html,六险一金 弹性工作,2018-03-07 11:37:43
5k-10k,杭州,"移动互联网,其他",杭州东信北邮信息技术有限公司,本科,1-3年,数据分析师,,,本科,"运营,产品",https://www.lagou.com/jobs/4005874.html,"五险一金,年终奖金,绩效奖金,交通补贴",2018-03-08 09:18:51
18k-30k,深圳,"移动互联网,电子商务",顺丰科技有限公司,本科,1-3年,数据分析工程师,,,本科,"物流,大数据,数据挖掘,SQL,sas",https://www.lagou.com/jobs/3365183.html,福利佳,2018-03-06 19:40:01
30k-60k,深圳,"移动互联网 ,游戏",腾讯科技(深圳)有限公司,本科,1-3年,数据分析师（深圳）,,,本科,"机器学习,NLP,数据挖掘,反作弊,人机攻防",https://www.lagou.com/jobs/3854760.html,"大平台,强福利,技术氛围好",2018-03-07 14:58:19
8k-12k,深圳,移动互联网,深圳市博悦科创科技有限公司,本科,1-3年,数据分析师,,,本科,"大数据,数据挖掘,建模",https://www.lagou.com/jobs/4000149.html,平台好，待遇好,2018-03-08 10:59:45
12k-24k,深圳,"移动互联网,金融",深圳众禄基金销售股份有限公司,本科,3-5年,数据分析师,,,本科,"大数据,BI,数据挖掘,SPSS,sas",https://www.lagou.com/jobs/3123157.html,"新三板,金融公司,团队氛围",2018-03-08 10:41:09
9k-16k,深圳,"移动互联网,金融",上海海万信息科技股份有限公司,本科,1-3年,数据分析,,,本科,"中级,数据挖掘,大数据,建模",https://www.lagou.com/jobs/4061928.html,"发展平台,法定节假日,五险一金",2018-03-08 11:46:03
6k-8k,深圳,移动互联网,武汉佰钧成技术有限责任公司,本科,1-3年,数据分析员,,,本科,"数据挖掘,数据管理",https://www.lagou.com/jobs/3927311.html,"六险一金,带薪年假,双休,腾讯平台",2018-03-08 10:30:21
12k-15k,深圳,"医疗健康,移动互联网",爱问医联科技（深圳）有限公司,本科,3-5年,数据分析师,,,本科,"金融,数据挖掘,SPSS,sas",https://www.lagou.com/jobs/3814457.html,"爱问医联,微博平台,五险一金,互联网医疗",2018-03-08 09:24:45
13k-18k,深圳,金融,深圳市盖威科技有限公司,本科,3-5年,数据分析师,,,本科,"金融,大数据,数据挖掘,SPSS",https://www.lagou.com/jobs/4180513.html,福利待遇好,2018-03-06 14:33:42
25k-50k,深圳,移动互联网,维沃移动通信有限公司,本科,5-10年,大数据分析师,,,本科,数据挖掘,https://www.lagou.com/jobs/3740254.html,"交通便利,福利好,氛围好",2018-03-06 10:48:49
15k-25k,深圳,"移动互联网,医疗健康",深圳市玄关健康科技有限公司,本科,5-10年,数据分析师,,,本科,"医疗健康,大数据,数据挖掘,建模",https://www.lagou.com/jobs/3967157.html,"扁平化,大平台,技术分享",2018-02-27 11:11:01
10k-15k,深圳,"移动互联网,电子商务",浙江土拨鼠网络科技有限公司,本科,不限,数据分析师,,,本科,"大数据,数据挖掘,SPSS,sas",https://www.lagou.com/jobs/3533819.html,"地铁口便捷,发展空间大,重视程度高",2018-03-07 17:14:20
5k-10k,深圳,移动互联网,任子行网络技术股份有限公司,本科,不限,数据分析师-00657,,,本科,"专员,大数据,数据挖掘,SPSS",https://www.lagou.com/jobs/4135415.html,出差海外,2018-03-06 11:28:21
15k-30k,深圳,"数据服务,移动互联网",试金石信用服务有限公司,本科,3-5年,数据分析师,,,本科,金融,https://www.lagou.com/jobs/2225601.html,行业前景好、大牛团队,2018-03-08 11:36:15
10k-20k,深圳,"移动互联网,O2O",广州依时货拉拉科技有限公司,本科,3-5年,数据分析师,,,本科,"大数据,数据挖掘,SPSS",https://www.lagou.com/jobs/3782170.html,"职位发展,晋升空间,团队氛围好",2018-03-06 15:35:22
18k-36k,深圳,"移动互联网,游戏",深圳市乐易网络有限公司,本科,3-5年,数据分析师,,,本科,"旅游,游戏,广告营销,大数据,Java",https://www.lagou.com/jobs/2951631.html,"海外手游,鹅厂大神,福利多多,带薪旅行",2018-03-08 10:22:12
15k-30k,广州,移动互联网,广州华多网络科技有限公司,不限,不限,2018春季社招-数据分析师,,,不限,,https://www.lagou.com/jobs/4188873.html,"平台大,机会多,福利好,春季专场",2018-03-07 16:53:13
10k-20k,广州,移动互联网,广州荔支网络技术有限公司,本科,1-3年,数据分析工程师,,,本科,"移动互联网,直播,社交,数据挖掘,建模",https://www.lagou.com/jobs/2402726.html,技术牛人多，亿级用户产品，奖金激励多,2018-03-08 10:27:13
30k-50k,广州,电子商务,唯品会（中国）有限公司,本科,5-10年,数据分析经理,,,本科,"资深,高级,商业,数据挖掘,SPSS",https://www.lagou.com/jobs/2880543.html,"工作环境,团队,贴近业务,技术导向",2018-03-06 08:57:29
10k-20k,广州,"金融,移动互联网",深圳合众财富金融投资管理有限公司广州分公司,大专,3-5年,数据分析师,,,大专,"金融,用户研究,大数据",https://www.lagou.com/jobs/4053095.html,"五险一金,周末双休,年终奖,全勤奖",2018-03-08 10:50:12
5k-10k,广州,移动互联网,北京云房数据技术有限责任公司广州分公司,大专,不限,数据分析师,,,大专,,https://www.lagou.com/jobs/876023.html,五险一金 周末双休,2018-03-08 10:03:38
7k-9k,广州,教育,北京尚德在线教育科技有限公司,本科,1-3年,数据分析师,,,本科,"SPSS,数据管理",https://www.lagou.com/jobs/4151703.html,在线教育,2018-03-08 11:52:59
7k-10k,广州,移动互联网,优视科技有限公司,大专,3-5年,数据分析师-外包,,,大专,"大数据,数据挖掘,SPSS",https://www.lagou.com/jobs/4056559.html,大团队，团队氛围好,2018-03-08 11:44:35
10k-15k,广州,移动互联网,广州花镇教育咨询有限公司,大专,1-3年,数据分析师,,,大专,"大数据,SPSS,matlab",https://www.lagou.com/jobs/4197285.html,"五险一金,大平台,行业前景好,下午茶",2018-03-08 13:50:09
6k-10k,广州,"移动互联网,广告营销",有米科技股份有限公司,本科,1-3年,数据分析师,,,本科,"电商,公众号,数据管理,微信数据",https://www.lagou.com/jobs/4112844.html,"六险一金,节假福利,带薪假期,自助早餐",2018-03-08 10:41:12
15k-28k,广州,"企业服务,O2O",广州博鳌纵横网络科技有限公司,本科,3-5年,高级数据分析师,,,本科,"大数据,数据挖掘,SPSS",https://www.lagou.com/jobs/3113360.html,周末双休 五险一金 下午茶 股权激励,2018-03-07 19:30:02
10k-20k,广州,企业服务、移动互联网,亚信科技（中国）有限公司,本科,3-5年,数据分析师,,,本科,"金融,大数据,商业,数据挖掘",https://www.lagou.com/jobs/4081993.html,"弹性工作,补充医疗",2018-03-07 09:26:26
20k-35k,广州,广告营销,广东省广告集团股份有限公司,硕士,5-10年,数据分析师,,,硕士,"总监,资深,高级,大数据,数据挖掘,SPSS",https://www.lagou.com/jobs/3508677.html,"前景广阔,老板好,福利优厚,部门氛围佳",2018-03-08 12:11:49
5k-10k,广州,"移动互联网,广告营销",广州栗树信息科技有限公司,大专,不限,数据分析师,,,大专,"海外,渠道,运营,英语",https://www.lagou.com/jobs/3711097.html,"五险一金,宽松氛围,弹性上班制,下午茶",2018-03-08 13:21:34
6k-9k,广州,"移动互联网,生活服务",彩讯科技股份有限公司,本科,1-3年,数据分析师,,,本科,"业务运营,SPSS",https://www.lagou.com/jobs/4192056.html,工作时间短，发展空间大,2018-03-07 13:30:56
10k-20k,广州,电子商务,广州智干电子商务科技有限公司,本科,3-5年,数据开发工程师/数据分析,,,本科,"电商,中级,大数据,数据挖掘",https://www.lagou.com/jobs/4148249.html,"五险一金,带薪假期,员工旅游,员工体检",2018-03-08 18:36:18
15k-20k,上海,"数据服务,企业服务",北京国双科技有限公司,本科,3-5年,高级数据分析师,,,本科,"金融,媒体,大数据,数据挖掘,SQL",https://www.lagou.com/jobs/3140317.html,大数据上市公司，氛围好，牛人多,2018-03-06 11:04:08
20k-25k,上海,移动互联网,中移在线服务有限公司,本科,3-5年,数据分析,,,本科,"教育,数据挖掘,SPSS",https://www.lagou.com/jobs/4030597.html,"五险一金,企业年金,带薪年假,通话餐补",2018-03-07 10:15:31
20k-30k,上海,"移动互联网,医疗健康",上海领健信息技术有限公司,本科,5-10年,数据分析师-上海张江-00286,,,本科,"BI,数据管理",https://www.lagou.com/jobs/3635043.html,发展空间大 技术牛人多 微软团队,2018-03-07 09:59:26
15k-30k,上海,金融,晋商消费金融股份有限公司,本科,不限,数据分析师,,,本科,"金融,大数据,BI,业务运营,风控",https://www.lagou.com/jobs/4004682.html,"待遇优渥,弹性工作,扁平管理,年轻团队",2018-03-08 16:34:21
20k-30k,上海,金融,上海拍拍贷金融信息服务有限公司,本科,5-10年,数据分析师,,,本科,"大数据,数据挖掘,产品",https://www.lagou.com/jobs/4135557.html,免费班车,2018-03-07 21:51:52
15k-25k,上海,"移动互联网,数据服务",深圳市和讯华谷信息技术有限公司,本科,3-5年,高级数据分析师 (上海),,,本科,"数据挖掘,机器学习,深度学习,建模",https://www.lagou.com/jobs/3942312.html,"D轮+,14薪+,攻城狮氛围,弹性工作",2018-03-07 21:28:27
8k-15k,上海,"广告营销,文化娱乐",北京爱奇艺科技有限公司,本科,1-3年,游戏-项目管理助理&amp;数据分析-上海,,,本科,"游戏,建模,数值",https://www.lagou.com/jobs/4027959.html,发展前景好,2018-02-22 10:07:06
18k-30k,上海,移动互联网,上海倾听信息技术有限公司,不限,1-3年,数据分析工程师,,,不限,数据挖掘,https://www.lagou.com/jobs/3565966.html,12天带薪年假，团队氛围佳，车补，午餐补,2018-03-07 18:36:35
12k-24k,上海,"移动互联网,金融",杭州财米科技有限公司,本科,1-3年,高级数据分析师,,,本科,"电商,大数据",https://www.lagou.com/jobs/591162.html,"期权激励,带薪年假,弹性工作,年底多薪",2018-03-07 16:46:55
15k-30k,上海,"移动互联网,医疗健康",平安健康互联网股份有限公司上海分公司,本科,3-5年,数据分析岗,,,本科,"专员,大数据,数据挖掘,sas",https://www.lagou.com/jobs/2980662.html,发展前景好、独角兽公司,2018-03-06 14:29:47
15k-30k,上海,"移动互联网,金融",上海方付通商务服务有限公司,本科,3-5年,数据分析师,,,本科,,https://www.lagou.com/jobs/2337314.html,薪资优待 福利完善,2018-03-08 17:04:35
15k-30k,上海,"移动互联网,金融",晋松（上海）网络信息技术有限公司,本科,3-5年,数据分析师,,,本科,"中级,数据挖掘,SPSS",https://www.lagou.com/jobs/4082231.html,"扁平化管理,年终多薪",2018-03-08 09:31:44
10k-20k,上海,移动互联网,上海大岂网络科技有限公司,本科,1-3年,数据分析/数据建模,,,本科,可视化,https://www.lagou.com/jobs/4020979.html,"大数据,B轮,团队氛围好,发展前景大",2018-03-08 09:06:41
15k-30k,上海,金融,上海你我贷互联网金融信息服务有限公司,本科,3-5年,数据分析师,,,本科,"BI,业务运营,数据挖掘",https://www.lagou.com/jobs/4109975.html,饭补，调休，旅游多,2018-03-07 16:52:45
7k-9k,上海,金融,上海厚本金融信息服务有限公司,本科,1-3年,数据分析岗,,,本科,互联网金融,https://www.lagou.com/jobs/3848390.html,"五险一金,交通补贴,通讯补贴,餐补",2018-03-06 09:12:12
15k-30k,北京,"移动互联网,O2O",北京三快在线科技有限公司,本科,3-5年,数据分析师,,,本科,本地生活,https://www.lagou.com/jobs/3766793.html,"年底双薪,职位晋升,团队氛围好,核心部门",2018-03-07 13:58:17
7k-10k,北京,电子商务,北京京东世纪贸易有限公司,本科,1-3年,数据分析,,,本科,"项目管理,大数据,SPSS,sas",https://www.lagou.com/jobs/3798368.html,京东,2018-02-23 20:59:29
10k-20k,北京,"移动互联网,教育",上海一起作业信息科技有限公司,硕士,不限,运营中心-数据分析师,,,硕士,"业务运营,大数据",https://www.lagou.com/jobs/2779243.html,"14薪,团队好,福利棒",2018-03-07 14:22:20
10k-20k,北京,移动互联网,北京爱声声科技有限公司,本科,1-3年,产品运营/数据分析,,,本科,"产品经理,大数据,数据挖掘",https://www.lagou.com/jobs/4103620.html,"五险一金,地铁周边,免费中晚餐,年底双薪",2018-03-08 10:58:37
10k-18k,北京,"移动互联网,金融",银客未来科技（北京）有限公司,本科,1-3年,数据分析师-风控,,,本科,"金融,中级,初级,SPSS,sas",https://www.lagou.com/jobs/3640470.html,"领导赞,氛围好,福利多,扁平化",2018-03-05 10:22:30
15k-25k,北京,"移动互联网,教育",小船出海教育科技（北京）有限公司,本科,3-5年,数据分析师,,,本科,"SPSS,sas",https://www.lagou.com/jobs/3820421.html,七险一金 免费三餐 住房补贴,2018-02-24 18:13:56
15k-28k,北京,金融,京东金融,本科,3-5年,数据分析-数据应用模型方向,,,本科,"理财,大数据,数据挖掘",https://www.lagou.com/jobs/4225604.html,大平台、福利好、同事nice,2018-03-08 11:09:43
18k-28k,北京,"移动互联网,文化娱乐",北京车之家信息技术有限公司,本科,3-5年,数据分析工程师,,,本科,"大数据,数据挖掘",https://www.lagou.com/jobs/4184340.html,福利好,2018-03-01 14:38:27
25k-35k,北京,"移动互联网,金融",包头市包银消费金融股份有限公司,本科,5-10年,数据分析总监J10069,,,本科,"金融,大数据,数据挖掘",https://www.lagou.com/jobs/4066963.html,"六险一金,定期团建,带薪年假,节日福利",2018-03-01 09:18:50
20k-35k,北京,移动互联网,高德软件有限公司,不限,1-3年,高德-数据分析师,,,不限,"大数据,数据挖掘",https://www.lagou.com/jobs/4065052.html,阿里大平台,2018-03-04 11:55:28
25k-50k,北京,"移动互联网,教育",北京作业盒子科技有限公司,本科,5-10年,数据分析经理,,,本科,"MySQL,商业分析,SPSS,sas,业务分析",https://www.lagou.com/jobs/4004100.html,"六险一金,年终奖,住房补贴,发展空间大",2018-03-06 09:40:52
20k-35k,北京,"企业服务,数据服务",北京数美时代科技有限公司,本科,1-3年,数据分析师,,,本科,"数据治理,BI,大数据,数据挖掘",https://www.lagou.com/jobs/3681440.html,"大牛如云,飞速发展,海量数据,海量数据",2018-03-07 00:25:09
13k-25k,北京,"移动互联网,O2O",链家网（北京）科技有限公司,本科,3-5年,数据分析与行业分析主管,,,本科,"高级,专员,运营,sas",https://www.lagou.com/jobs/3834805.html,免费三餐 优秀团队 大平台,2018-02-11 18:46:10
10k-20k,北京,"数据服务,企业服务",北京国双科技有限公司,本科,3-5年,高级数据分析师,,,本科,"媒体,广告营销,大数据,SPSS",https://www.lagou.com/jobs/3546930.html,五险一金 补充医疗 年度旅游 定期体检,2018-03-05 09:45:44
20k-30k,北京,"移动互联网,O2O",北京自如友家资产管理有限公司,本科,5-10年,数据分析主管,,,本科,"移动互联网,大数据,数据挖掘,用户研究",https://www.lagou.com/jobs/3783857.html,六险一金 租房优惠 餐补,2018-03-08 09:35:24
18k-28k,杭州,"金融,数据服务",杭州恩牛网络技术有限公司,本科,3-5年,BI/数据分析,,,本科,"金融,大数据,SPSS,sas",https://www.lagou.com/jobs/4162683.html,"六险一金,16薪起",2018-03-08 10:34:29
15k-25k,杭州,"移动互联网,数据服务",浙江执御信息技术有限公司,本科,3-5年,数据分析师,,,本科,"移动互联网,大数据,数据挖掘,SPSS,sas",https://www.lagou.com/jobs/3492524.html,专业,2018-03-07 13:23:04
25k-35k,杭州,移动互联网,杭州微拍堂文化创意有限公司,本科,3-5年,数据分析工程师,,,本科,"搜索,算法,数据挖掘,推荐,数据管理",https://www.lagou.com/jobs/3928652.html,"14薪,六险一金,双休,弹性工作制",2018-03-08 17:14:59
15k-25k,杭州,"电子商务,移动互联网",杭州嘉云数据科技有限公司,本科,3-5年,数据分析师 / 数据科学家,,,本科,"商业,大数据,数据挖掘,统计",https://www.lagou.com/jobs/4078048.html,海量数据库,2018-03-07 09:24:45
15k-25k,杭州,O2O,点我达网络科技有限公司,本科,3-5年,高级数据分析师,,,本科,"大数据,BI,数据挖掘",https://www.lagou.com/jobs/4104688.html,阿里系 15-18薪 出国游 扁平化管理,2018-03-08 14:13:24
12k-22k,杭州,移动互联网,厦门美柚信息科技有限公司,本科,1-3年,数据分析,,,本科,"电商,高级,业务运营,大数据,数据挖掘",https://www.lagou.com/jobs/4166885.html,"职位发展广,工作氛围好",2018-03-05 13:58:47
15k-30k,杭州,"移动互联网,金融",杭州财米科技有限公司,本科,1-3年,高级数据分析师-杭州-00065,,,本科,"电商,大数据",https://www.lagou.com/jobs/2615738.html,"弹性工作,期权激励,六险一金,带薪年假",2018-03-07 16:46:56
12k-20k,杭州,"金融,移动互联网",浙江纵横新创科技有限公司,本科,3-5年,数据分析师,,,本科,"金融,高级,大数据,数据挖掘",https://www.lagou.com/jobs/4210743.html,"员工旅游,五险一金,双休,团建",2018-03-06 13:43:09
15k-25k,杭州,"移动互联网,企业服务",杭州尚尚签网络科技有限公司,本科,5-10年,数据分析师,,,本科,"资深,大数据,数据挖掘",https://www.lagou.com/jobs/4074639.html,"靠谱团队,顶级风投,SaaS,弹性工作",2018-03-01 10:54:33
14k-21k,杭州,"信息安全,数据服务",北京网思科平科技有限公司,本科,1-3年,数据分析师,,,本科,"中级,算法,数据挖掘,机器学习",https://www.lagou.com/jobs/3637853.html,"专业培训,公司餐补,关系简单",2018-03-06 10:29:32
12k-20k,杭州,金融,杭州投融谱华互联网金融服务有限公司,本科,5-10年,数据分析师,,,本科,"金融,SPSS",https://www.lagou.com/jobs/4003573.html,"五险一金,周末双休,餐补,话补",2018-03-06 15:17:49
8k-15k,杭州,"电子商务,O2O",西安亚购信息科技有限公司,本科,1-3年,数据分析师,,,本科,"电商,数据挖掘,大数据",https://www.lagou.com/jobs/4091524.html,"周末双休,五险一金,扁平管理,团队活动",2018-03-07 17:50:53
15k-25k,杭州,移动互联网,浙江新再灵科技股份有限公司,硕士,1-3年,资深数据分析师,,,硕士,"大数据,数据挖掘,建模",https://www.lagou.com/jobs/4219680.html,"五险一金,周末双休,年终奖金,扁平化管理",2018-03-07 14:19:42
12k-15k,杭州,移动互联网,浙江每日互动网络科技股份有限公司,本科,1-3年,数据分析师,,,本科,大数据,https://www.lagou.com/jobs/2603222.html,扁平化管理，有机会接触到海量数据，,2018-03-06 09:38:35
8k-15k,杭州,"移动互联网,金融",浙江钱花网络科技有限公司,本科,1-3年,数据分析师,,,本科,"大数据,数据挖掘",https://www.lagou.com/jobs/4142773.html,"大牛带队,扁平化管理,弹性工作,年终奖金",2018-03-07 18:55:43
18k-36k,深圳,"移动互联网 ,游戏",腾讯科技(深圳)有限公司,本科,3-5年,MIG13-大数据分析师（深圳）,,,本科,"信息安全,数据挖掘,算法,机器学习",https://www.lagou.com/jobs/4033860.html,"大平台,大咖多,福利好",2018-03-08 10:29:26
10k-15k,深圳,"移动互联网,金融",上海海万信息科技股份有限公司,本科,3-5年,数据分析师,,,本科,"hadoop,算法,数据仓库,建模,数据挖掘",https://www.lagou.com/jobs/3637090.html,"年终奖,双休,过节费,旅游",2018-03-08 16:35:07
8k-15k,深圳,"医疗健康,移动互联网",爱问医联科技（深圳）有限公司,本科,1-3年,数据分析师,,,本科,"金融,数据挖掘,SPSS",https://www.lagou.com/jobs/3900158.html,"爱问医联,微博平台,五险一金,互联网医疗",2018-03-08 09:24:43
10k-15k,深圳,金融,深圳市钱爸爸电子商务有限公司,本科,3-5年,数据分析,,,本科,"资深,高级,大数据,BI,业务运营",https://www.lagou.com/jobs/4008345.html,"专业培训,发展空间大",2018-03-07 14:25:57
15k-30k,深圳,移动互联网,北京高域海汇科技有限公司,本科,3-5年,数据分析师,,,本科,"电商,大数据,数据挖掘,SPSS",https://www.lagou.com/jobs/4150731.html,年底双薪,2018-03-08 18:09:38
12k-18k,深圳,移动互联网,珠海云迈网络科技有限公司,本科,1-3年,数据分析师,,,本科,"体育运动,总监,高级,大数据,数据挖掘",https://www.lagou.com/jobs/4195404.html,"季度奖金,年终奖金,社保公积金,国外旅游",2018-03-07 10:20:23
7k-14k,深圳,游戏,深圳市探娱互动科学文化有限公司,本科,不限,数据分析师（985优先/强逻辑）,,,本科,"游戏开发,游戏策划,手游",https://www.lagou.com/jobs/3695826.html,"除了努力和,奋斗还可以,加班加薪",2018-03-08 10:40:59
18k-30k,深圳,"移动互联网,数据服务",上海透云物联网科技有限公司,本科,3-5年,数据分析工程师,,,本科,"专家,资深,高级,大数据,数据挖掘",https://www.lagou.com/jobs/4221241.html,"晋升机制,扁平管理,五险一金,周末双休",2018-03-07 16:02:24
20k-30k,深圳,"移动互联网,数据服务",深圳市和讯华谷信息技术有限公司,本科,3-5年,极光调研 - 高级数据分析师,,,本科,"资深,算法,数据挖掘,机器学习",https://www.lagou.com/jobs/4084189.html,"业界第一,14薪+,牛逼团队,D轮+",2018-03-07 21:28:27
25k-30k,深圳,"移动互联网,电子商务",深圳市英思奇信息咨询有限公司,不限,1-3年,大数据分析师,,,不限,,https://www.lagou.com/jobs/4200394.html,"税后薪资,包食宿,薪资福利好,知名大公司",2018-03-05 10:49:13
20k-30k,深圳,其他,华润置地有限公司,本科,5-10年,数据分析师,,,本科,"房产服务,大数据,数据挖掘",https://www.lagou.com/jobs/4148287.html,"公司平台好,发展空间大,五险一金,午餐补助",2018-03-08 14:06:57
15k-25k,深圳,"移动互联网,金融",深圳盒子信息科技有限公司,本科,5-10年,数据分析师,,,本科,"支付,数据挖掘,SPSS",https://www.lagou.com/jobs/3655349.html,"大牛聚集地,健身房,工作环境好",2018-03-08 11:59:47
13k-25k,深圳,"移动互联网,金融",深圳市随手科技有限公司,本科,3-5年,数据分析师（贷款方向）,,,本科,"数据挖掘,SPSS",https://www.lagou.com/jobs/4073197.html,"互联网金融,平台好,发展空间大,氛围好",2018-03-07 10:19:06
6k-8k,深圳,"移动互联网,信息安全",深圳市安印科技有限公司,本科,1-3年,数据分析工程师,,,本科,"大数据,数据挖掘",https://www.lagou.com/jobs/4134858.html,"五险一金,周末双休,免费午餐,氛围好",2018-03-06 11:40:08
25k-35k,深圳,"移动互联网,硬件",深圳闻善科技有限公司,本科,3-5年,数据分析主管,,,本科,"游戏,运营,SPSS",https://www.lagou.com/jobs/4177402.html,福利多,2018-03-08 16:05:22
13k-23k,北京,"移动互联网,O2O",北京三快在线科技有限公司,本科,1-3年,数据分析师-—金融支付客服业务,,,本科,"支付,银行,理财,BI,sas",https://www.lagou.com/jobs/4046188.html,"福利好,发展棒,团队赞",2018-02-26 10:41:54
15k-25k,北京,"移动互联网,教育",上海一起作业信息科技有限公司,本科,3-5年,资深数据分析师,,,本科,"数据挖掘,SQL,SPSS",https://www.lagou.com/jobs/3161716.html,"14薪,团队好",2018-03-07 14:22:23
15k-30k,北京,"移动互联网,教育",北京作业盒子科技有限公司,本科,3-5年,高级数据分析师,,,本科,"MySQL,商业分析,SPSS,sas,业务分析",https://www.lagou.com/jobs/4005405.html,"六险一金,年终奖,住房补贴,发展空间大",2018-03-08 10:45:43
15k-30k,北京,游戏,清枫（北京）科技有限公司,本科,1-3年,数据分析师,,,本科,"游戏,高级,大数据,数据挖掘",https://www.lagou.com/jobs/4013707.html,"北大博士,腾讯大牛,电竞大数据,期权激励",2018-03-07 10:09:34
4k-6k,北京,"移动互联网,金融",深圳瑞银信信息技术有限公司,大专,1-3年,数据分析,,,大专,"助理,大数据,数据挖掘,SPSS",https://www.lagou.com/jobs/4142022.html,"五险一金,交通便利,环境高大上",2018-03-06 10:13:07
18k-36k,北京,"移动互联网,数据服务",联想（北京）有限公司,本科,5-10年,数据分析,,,本科,"资深,高级,ETL,BI,可视化",https://www.lagou.com/jobs/3979513.html,"五险一金,补贴,弹性工作日",2018-03-08 11:06:16
15K-30K,北京,金融,凡普金科企业发展（上海）有限公司,本科,5-10年,数据分析师,,,本科,"资深,高级",https://www.lagou.com/jobs/3695782.html,业务分析,2018-03-08 19:46:01
10k-20k,北京,"数据服务,企业服务",北京国双科技有限公司,本科,1-3年,数据分析师（北京）,,,本科,"商业,数据挖掘,SPSS",https://www.lagou.com/jobs/4212802.html,上市公司 氛围好 前景佳 牛人多,2018-03-06 16:06:06
15k-25k,北京,"移动互联网,企业服务",北京全民共赢网络科技有限公司,本科,3-5年,数据分析师／BI产品经理,,,本科,"企业服务,大数据,可视化,商业",https://www.lagou.com/jobs/4144648.html,"新零售,大数据,VC投资,牛人多",2018-03-08 10:29:30
10k-17k,北京,金融,钱包金服（北京）科技有限公司,本科,3-5年,中级数据分析,,,本科,,https://www.lagou.com/jobs/4188436.html,六险一金 年底双薪 带薪年假,2018-03-07 16:01:32
20k-40k,北京,"移动互联网,社交网络",探探科技（北京）有限公司,本科,3-5年,数据分析经理,,,本科,"社交,大数据,用户研究",https://www.lagou.com/jobs/4090814.html,"免费三餐,七险一金,期权股票,弹性上班.",2018-02-22 13:05:29
20k-25k,北京,企业服务、数据服务,北京永洪商智科技有限公司,本科,5-10年,数据分析师,,,本科,"金融,资深,高级,大数据,BI",https://www.lagou.com/jobs/4008617.html,"大数据,C轮,BI,年终奖",2018-03-06 14:51:51
15k-20k,北京,"移动互联网,金融",银客未来科技（北京）有限公司,本科,1-3年,数据分析师（投放）,,,本科,"媒体,广告营销,资深,SPSS,sas",https://www.lagou.com/jobs/3830487.html,弹性工作,2018-03-05 10:22:28
35k-45k,北京,"移动互联网,金融",北京瓴岳信息技术有限公司,本科,3-5年,数据分析师,,,本科,"金融,专家,资深,高级,反作弊",https://www.lagou.com/jobs/4209167.html,"14薪,六险一金,弹性工作制,午餐晚餐",2018-03-08 11:36:26
8k-15k,北京,"移动互联网,O2O",北京互连众信科技有限公司,本科,1-3年,数据分析师,,,本科,"SQL,SPSS,大数据分析",https://www.lagou.com/jobs/3427794.html,"薪资福利,大咖多,自助午餐,七险一金",2018-03-08 09:41:55
10K-20K,杭州,"金融,数据服务",杭州恩牛网络技术有限公司,本科,1-3年,数据分析,,,本科,"金融,策略",https://www.lagou.com/jobs/3830774.html,"16起薪,全员mac,弹性工作,成长空间大",2018-02-26 14:30:46
15k-30k,杭州,"移动互联网,数据服务",浙江执御信息技术有限公司,本科,5-10年,资深数据分析师,,,本科,"移动互联网,大数据,数据挖掘,SPSS",https://www.lagou.com/jobs/3707758.html,"发展空间,团队氛围,个人成长",2018-03-08 11:22:21
20k-40k,杭州,"电子商务,数据服务",阿里巴巴（中国）网络技术有限公司,本科,3-5年,数据分析,,,本科,"资深,商业,产品经理,大数据",https://www.lagou.com/jobs/4192299.html,"创新业务,数据赋能,体系决策,数据驱动",2018-03-02 13:55:42
15k-25k,杭州,移动互联网,浙江钱粒科技有限公司,本科,3-5年,资深数据分析师,,,本科,"业务运营,大数据,数据挖掘,SPSS,sas",https://www.lagou.com/jobs/3218062.html,"平台好,弹性制,扁平化,年终奖",2018-03-08 09:46:15
20k-40k,杭州,电子商务,杭州贝购科技有限公司,本科,3-5年,数据分析,,,本科,"资深,大数据,数据挖掘,SPSS,growth",https://www.lagou.com/jobs/3774111.html,技术挑战大 成长机会多 团队氛围好,2018-02-27 13:28:07
15k-25k,杭州,"移动互联网,医疗健康",杭州求是同创网络科技有限公司,硕士,3-5年,资深数据分析,,,硕士,"专家,数据挖掘,大数据",https://www.lagou.com/jobs/4098488.html,潜力，平台，团队有爱，各种奖金,2018-03-06 10:09:51
15k-25k,杭州,金融,众安在线财产保险股份有限公司,硕士,5-10年,资深数据分析师,,,硕士,金融,https://www.lagou.com/jobs/984915.html,加入国内首家互联网保险公司来颠覆行业,2018-03-06 13:52:53
5k-10k,杭州,"移动互联网,金融",浙江多多互联网金融信息服务有限公司,本科,1-3年,数据分析,,,本科,"金融,数据挖掘,SPSS,用户研究",https://www.lagou.com/jobs/2702887.html,六险一金 带薪年假 节假日福利,2018-03-08 13:34:01
10k-15k,杭州,"移动互联网,游戏",杭州斯凯网络科技有限公司,本科,1-3年,数据分析师,,,本科,"医疗健康,数据挖掘,SPSS",https://www.lagou.com/jobs/4111262.html,"发展潜力,氛围佳",2018-03-01 09:19:55
25k-50k,杭州,"移动互联网,电子商务",浙江去啊网络技术有限公司,本科,3-5年,数据分析,,,本科,"高级,大数据,BI,商业,业务运营",https://www.lagou.com/jobs/3635454.html,"大平台,大数据,薪资高",2018-03-02 17:53:49
15k-30k,杭州,"移动互联网,电子商务",阿里巴巴（中国）网络技术有限公司,本科,3-5年,集团客户体验事业群-数据分析专家,,,本科,"数据挖掘,用户研究",https://www.lagou.com/jobs/3204652.html,"海量数据,用户体验",2018-03-08 13:24:31
8k-16k,杭州,"移动互联网,医疗健康",浙江康健绿线网络技术有限公司,本科,3-5年,数据分析师-移动端用户行为分析（埋点）,,,本科,,https://www.lagou.com/jobs/1969418.html,五险一金 弹性工作 年底双薪 免费班车,2018-03-08 11:01:31
20K-35K,杭州,数据服务,杭州橙鹰数据技术有限公司,本科,1-3年,数据分析/挖掘专家,,,本科,"安全,信息安全,大数据,数据挖掘",https://www.lagou.com/jobs/3697210.html,"阿里,数据技术",2018-03-02 15:20:10
20k-40k,杭州,"金融,移动互联网",支付宝(杭州)信息技术有限公司,不限,5-10年,数据分析,,,不限,"大数据,数据挖掘,SPSS,sas",https://www.lagou.com/jobs/3845628.html,"高薪,期权,平台,技术氛围",2018-02-24 09:34:44
10k-15k,杭州,移动互联网,浙江每日互动网络科技股份有限公司,本科,1-3年,数据分析,,,本科,"大数据,数据挖掘",https://www.lagou.com/jobs/4017275.html,16-18薪 互联网独角兽,2018-02-28 10:54:14
15k-30k,深圳,"移动互联网 ,游戏",腾讯科技(深圳)有限公司,本科,1-3年,数据分析工程师（深圳）,,,本科,"数据挖掘,大数据",https://www.lagou.com/jobs/3790050.html,"大平台,薪酬福利,职业发展",2018-03-08 12:08:58
10k-20k,深圳,"移动互联网,金融",上海海万信息科技股份有限公司,大专,3-5年,数据分析,,,大专,"金融,大数据,数据挖掘",https://www.lagou.com/jobs/3918175.html,"旅游,年终奖,过节费,环境好",2018-03-08 16:35:08
8k-10k,深圳,移动互联网,深圳市博悦科创科技有限公司,大专,1-3年,数据分析工程师,,,大专,"大数据,数据挖掘",https://www.lagou.com/jobs/4001057.html,大数据人才汇集 发展好,2018-03-08 09:10:59
10k-20k,深圳,"移动互联网,金融",深圳市随手科技有限公司,本科,3-5年,数据分析产品,,,本科,运营,https://www.lagou.com/jobs/3917810.html,"六险一金,弹性工作时,周末双休,晋升调薪",2018-03-08 08:42:09
10k-20k,深圳,"移动互联网,数据服务",深圳市一面网络技术有限公司,本科,1-3年,数据分析师（数据工程方向）,,,本科,"Java,python",https://www.lagou.com/jobs/4138431.html,"五险一金,年度旅游,年度体检,生日会",2018-03-07 15:20:37
10k-20k,深圳,电子商务,深圳盈富斯商业有限公司,本科,1-3年,数据分析,,,本科,"初级,实习,大数据,数据挖掘",https://www.lagou.com/jobs/3950174.html,"平台大,氛围好,领导好",2018-02-28 10:13:08
25k-45k,深圳,金融,广发证券股份有限公司,硕士,3-5年,高级数据分析师,,,硕士,"金融,资深,大数据,数据挖掘",https://www.lagou.com/jobs/4028309.html,"季度奖,年终奖,环境好,牛人多",2018-03-01 10:46:54
15k-25k,深圳,电子商务,深圳市泽宝电子商务股份有限公司,本科,3-5年,数据分析师,,,本科,"深度学习,大数据,数据挖掘",https://www.lagou.com/jobs/2619947.html,老板nice 工作环境佳 HR贤良淑德,2018-02-26 14:12:07
5k-10k,深圳,"金融,移动互联网",深圳中业兴融互联网金融服务有限公司,本科,1-3年,数据分析,,,本科,"电商,数据挖掘,SPSS",https://www.lagou.com/jobs/3716865.html,"综合型集团,低调有实力,年轻又耐撕",2018-03-05 17:36:03
18k-30k,深圳,"移动互联网,游戏",深圳市乐易网络有限公司,硕士,3-5年,数据分析工程师,,,硕士,"旅游,游戏,广告营销,大数据,Java,python",https://www.lagou.com/jobs/2951643.html,"海外手游,高配团队,腾讯大牛,大神指导",2018-03-08 10:22:13
5k-8k,深圳,"企业服务,数据服务",深圳市铱云云计算有限公司,大专,1-3年,数据分析专员,,,大专,"业务运营,大数据,SPSS,数据管理",https://www.lagou.com/jobs/4213997.html,五险一金 团建+旅游 高潜力互联网公司,2018-03-07 20:02:33
3k-5k,深圳,"企业服务,数据服务",乐格商业咨询（深圳）有限公司,大专,1年以下,数据分析师,,,大专,"地图,运营,统计",https://www.lagou.com/jobs/3867572.html,"五险一金,带薪年假,欢迎应届生,周末双休",2018-03-06 10:10:54
10k-20k,深圳,金融,深圳市赢众通金融信息服务有限责任公司,本科,1-3年,数据分析,,,本科,"运营,SPSS",https://www.lagou.com/jobs/4121710.html,五险一金、带薪年假、绩效奖金,2018-02-26 18:21:29
15k-30k,深圳,移动互联网,深圳云天励飞技术有限公司,本科,3-5年,大数据数据开发工程师/大数据数据分析师,,,本科,"高级,中级,图像处理,数据挖掘,模式识别",https://www.lagou.com/jobs/3842793.html,"技术大牛,独角兽,成长快,气氛融洽",2018-03-07 14:29:36
12k-15k,深圳,"移动互联网,电子商务",金蝶软件（中国）有限公司,本科,3-5年,数据分析师,,,本科,"数据挖掘,用户研究",https://www.lagou.com/jobs/3920992.html,大咖云集 成长空间大 薪酬福利优,2018-03-07 08:50:22
20k-40k,北京,"移动互联网,O2O",北京三快在线科技有限公司,不限,不限,数据分析师,,,不限,"资深,高级,产品经理,用户研究",https://www.lagou.com/jobs/3844153.html,职位前景好,2018-03-06 17:38:21
8k-15k,北京,"移动互联网,社交网络",探探科技（北京）有限公司,本科,不限,数据分析师（可实习）,,,本科,社交,https://www.lagou.com/jobs/2634257.html,2017最黑马的社交应用、最值钱的股权激励,2018-02-22 13:05:27
15k-25k,北京,"移动互联网,数据服务",北京智慧图科技有限责任公司,本科,3-5年,数据分析师,,,本科,,https://www.lagou.com/jobs/3766575.html,"地铁沿线,行业第一,办公环境好",2018-03-07 15:46:29
10k-20k,北京,"移动互联网,O2O",北京小度信息科技有限公司,本科,3-5年,数据分析,,,本科,"本地生活,数据挖掘,SPSS,sas",https://www.lagou.com/jobs/3737707.html,"五险一金,餐补,晋升空间大",2018-03-08 10:23:05
10k-15k,北京,"移动互联网,生活服务",成都我来啦网格信息技术有限公司,本科,1-3年,数据分析师,,,本科,SQL,https://www.lagou.com/jobs/4157751.html,"平台大,行业潜力大,领导好,团队氛围好",2018-03-06 15:27:25
10k-15k,北京,"移动互联网,生活服务",彩讯科技股份有限公司,本科,1-3年,数据分析师,,,本科,"高级,数据挖掘,SPSS",https://www.lagou.com/jobs/4153555.html,大数据平台、五险一金、年终奖、司龄津贴,2018-03-07 10:14:59
15k-28k,北京,金融,京东金融,本科,5-10年,数据分析,,,本科,"大数据,数据挖掘,算法",https://www.lagou.com/jobs/4215291.html,大平台、福利好、同事nice,2018-03-06 19:27:54
8k-15k,北京,数据服务,北京东方国信科技股份有限公司,硕士,不限,数据分析,,,硕士,"高级,大数据,数据挖掘,SPSS,数据质量稽核",https://www.lagou.com/jobs/3440241.html,大数据上市公司；14薪，完善的薪酬体系,2018-03-06 15:36:45
15k-30k,北京,"移动互联网,O2O",分享汇科技（北京）有限公司,本科,3-5年,数据分析师,,,本科,"高级,SQL",https://www.lagou.com/jobs/4042883.html,五险一金、职位晋升,2018-03-08 10:21:57
30k-50k,北京,"移动互联网,O2O",链家网（北京）科技有限公司,本科,3-5年,新房研发部-高级数据分析师(001473),,,本科,,https://www.lagou.com/jobs/3985071.html,工作机会大，挑战大，弹性工作，带薪年假,2018-03-05 12:42:28
15k-25k,北京,"电子商务,文化娱乐",北京值得买科技股份有限公司,不限,1-3年,数据分析师,,,不限,,https://www.lagou.com/jobs/4207065.html,"临近地铁,发展大,六险一金,福利好",2018-03-08 09:54:53
15k-25k,北京,移动互联网,掌阅科技股份有限公司,本科,3-5年,高级数据分析师,,,本科,"BI,业务运营,growth,sas",https://www.lagou.com/jobs/3564071.html,"独角兽企业,丰富福利,数据驱动,晋升透明",2018-03-07 12:26:01
10k-20k,北京,电子商务,北京京东世纪贸易有限公司,本科,3-5年,数据分析经理,,,本科,"SQL,SPSS,sas,数据管理",https://www.lagou.com/jobs/3523521.html,"上升空间大,班车,餐补",2018-02-26 11:15:25
15k-30k,北京,"电子商务,移动互联网",网易（杭州）有限公司,硕士,1-3年,大数据分析师（AI）,,,硕士,"hadoop,ETL,数据仓库,BI,hive",https://www.lagou.com/jobs/4230549.html,"猪场,薪资高,海外游,福利好",2018-03-08 23:52:15
15k-30k,北京,"移动互联网,游戏",奇虎360科技有限公司,本科,1-3年,数据分析研究员,,,本科,"安全,信息安全,网络安全,大数据,数据挖掘,算法",https://www.lagou.com/jobs/3057173.html,发展前景好,2018-02-24 15:53:31
20k-32k,杭州,"金融,数据服务",杭州恩牛网络技术有限公司,本科,5-10年,数据分析专家,,,本科,"金融,电商,大数据,数据挖掘",https://www.lagou.com/jobs/4155657.html,"六险一金,16薪起",2018-03-08 10:34:28
15k-23k,杭州,"移动互联网,数据服务",浙江执御信息技术有限公司,本科,3-5年,资深数据分析师,,,本科,"移动互联网,大数据,数据挖掘,SPSS,sas",https://www.lagou.com/jobs/3193648.html,"技术氛围好,规范化,个人成长,上升期",2018-03-08 11:22:21
10k-15k,杭州,"生活服务,移动互联网",绿城理想生活科技有限公司,本科,3-5年,数据分析师,,,本科,"云计算,高级,大数据,数据挖掘",https://www.lagou.com/jobs/3214176.html,"大公司,大平台,高福利,高成长",2018-03-07 14:45:39
20k-35k,杭州,数据服务,杭州橙鹰数据技术有限公司,本科,5-10年,数据分析专家/高级专家,,,本科,"数据挖掘,机器学习,深度学习,人工智能,BI",https://www.lagou.com/jobs/3261373.html,"阿里巴巴,大数据,数据分析,发展前景",2018-03-02 15:21:27
8k-15k,杭州,"移动互联网,金融",杭州霖梓网络科技有限公司,本科,1-3年,数据分析师,,,本科,高级,https://www.lagou.com/jobs/4134454.html,"提升空间大,福利好",2018-02-23 16:43:24
5k-8k,杭州,电子商务,浙江小也网络科技有限公司,大专,1-3年,数据分析师,,,大专,"电商,资深,专员,运营",https://www.lagou.com/jobs/4090568.html,"周末双休,五险一金,各种补贴,美女众多",2018-03-08 12:22:14
6k-10k,杭州,"移动互联网,O2O",杭州优行科技有限公司,大专,1-3年,数据分析,,,大专,"行业研究,市场分析",https://www.lagou.com/jobs/3469786.html,"行业新颖,氛围融洽,福利丰富",2018-03-06 21:32:35
10k-20k,杭州,社交网络,杭州明霖信息技术有限公司,本科,1-3年,数据分析师,,,本科,"大数据,数据挖掘,SPSS,sas",https://www.lagou.com/jobs/3816614.html,"周末双休,弹性工作,五险一金,年终奖",2018-03-05 09:57:21
15k-25k,杭州,移动互联网,杭州兑吧网络科技有限公司,本科,3-5年,高级数据分析师,,,本科,"大数据,数据挖掘,BI",https://www.lagou.com/jobs/4138783.html,"全员出国游,福利完善,奖金多多,发展空间大",2018-03-08 16:45:50
20k-35k,杭州,"广告营销,移动互联网",杭州九言科技股份有限公司,本科,5-10年,数据分析专家,,,本科,"总监,数据挖掘,SPSS,sas",https://www.lagou.com/jobs/3068960.html,"五险一金,双休,年轻的团队,弹性时间",2018-03-07 17:24:37
8k-15k,杭州,"移动互联网,金融",浙江稻普信息科技有限公司,不限,1-3年,数据分析师,,,不限,"金融,数据挖掘",https://www.lagou.com/jobs/4147516.html,"周末双休,下午茶福利,带薪年假,弹性时间",2018-02-26 10:47:09
25k-50k,杭州,"金融,移动互联网",支付宝(杭州)信息技术有限公司,本科,不限,蚂蚁金服-数据分析专家/高级专家,,,本科,"资深,数据挖掘,机器学习,人工智能",https://www.lagou.com/jobs/3698324.html,"股票期权,技术挑战,技能培训,职位机遇",2018-03-08 21:31:24
10k-20k,杭州,"移动互联网,硬件",杭州泰一指尚科技有限公司,大专,不限,数据分析师,,,大专,商业,https://www.lagou.com/jobs/2481566.html,五险一金 扁平管理 午餐补助 通讯津贴,2018-02-28 14:02:04
10k-20k,杭州,"信息安全,数据服务",同盾科技有限公司,本科,3-5年,数据分析师-杭州-00400,,,本科,"资深,高级,中级,大数据,数据挖掘",https://www.lagou.com/jobs/3973887.html,大数据、人工智能、机器学习,2018-03-07 11:37:41
8k-15k,杭州,"医疗健康,企业服务",观澜网络（杭州）有限公司,本科,1-3年,数据分析师,,,本科,"大数据,数据挖掘,BI",https://www.lagou.com/jobs/2748850.html,工作氛围好,2018-03-04 13:38:59
20k-40k,深圳,"移动互联网 ,游戏",腾讯科技(深圳)有限公司,本科,3-5年,MIG03-高级数据分析师（深圳）,,,本科,"数据挖掘,大数据",https://www.lagou.com/jobs/3964205.html,"大平台,大空间,AI",2018-03-08 10:29:38
20k-25k,深圳,金融,深圳市赢众通金融信息服务有限责任公司,本科,3-5年,数据分析专家,,,本科,"金融,SPSS,用户研究",https://www.lagou.com/jobs/4151939.html,五险一金、定期体检、绩效奖金、午餐补助,2018-02-26 15:31:05
15k-30k,深圳,"移动互联网,文化娱乐",深圳天天看看信息技术有限公司,本科,3-5年,数据分析工程师,,,本科,"数据挖掘,大数据,MySQL,hadoop,sql优化",https://www.lagou.com/jobs/3276273.html,"老大请吃饭,有下午茶哦,学习机会多",2018-03-06 14:35:59
8k-15k,深圳,电子商务,深圳市启明星电子商务有限公司,本科,1-3年,MSSQ010-数据分析师,,,本科,"高级,大数据,数据挖掘",https://www.lagou.com/jobs/3886233.html,平台好 氛围佳 上升空间大 福利待遇优,2018-03-05 09:04:42
15k-30k,深圳,"移动互联网,电子商务",顺丰科技有限公司,本科,3-5年,高级数据分析工程师,,,本科,"物流,大数据,SPSS,sas",https://www.lagou.com/jobs/3314228.html,"弹性上班,餐补,五险一金,发展空间大",2018-03-07 09:14:00
15k-30k,深圳,金融,深圳市招银前海金融资产交易中心有限公司,硕士,不限,大数据分析师,,,硕士,,https://www.lagou.com/jobs/2112889.html,招商系，较好的薪酬福利和发展空间,2018-03-06 10:47:17
10k-20k,深圳,"移动互联网,金融",深圳银盛金融集团有限公司,本科,不限,数据分析师,,,本科,"支付,数据挖掘,SPSS",https://www.lagou.com/jobs/4159486.html,"前沿,互联网金融",2018-03-06 14:55:32
10k-20k,深圳,"金融,移动互联网",嘉联支付有限公司,本科,3-5年,数据分析师,,,本科,"大数据,数据挖掘",https://www.lagou.com/jobs/4113531.html,"五险一金,定期体检,员工旅游,节日福利",2018-03-07 13:48:41
6k-8k,深圳,"移动互联网,游戏",北京思恩客广告有限公司,本科,1-3年,数据分析师/高级数据分析师,,,本科,"移动互联网,游戏,媒体,广告营销,市场",https://www.lagou.com/jobs/3307004.html,平台好,2018-03-05 18:29:12
25k-40k,深圳,"移动互联网,硬件",深圳市大疆创新科技有限公司,本科,3-5年,数据分析主管,,,本科,"BI,可视化,商业,业务运营,sas",https://www.lagou.com/jobs/4181560.html,发展前景 年终奖 绩效奖 带薪假期,2018-03-08 20:54:20
10k-15k,深圳,金融,平安科技（深圳）有限公司,本科,不限,数据分析专员（深圳）,,,本科,"金融,大数据,数据挖掘,SPSS",https://www.lagou.com/jobs/3776813.html,世界500强 带薪年假 节日福利 绩效丰厚,2018-03-08 15:52:23
20k-40k,深圳,金融,华泰期货有限公司上海世纪大道营业部,硕士,1-3年,数据分析师,,,硕士,"高级,中级,初级,数据挖掘,SPSS",https://www.lagou.com/jobs/3505223.html,"福利,薪酬",2018-03-08 10:21:45
15k-25k,深圳,"移动互联网,数据服务",深圳市和讯华谷信息技术有限公司,本科,3-5年,高级数据分析师（深圳）,,,本科,"数据挖掘,SQL,SPSS,R，SAS",https://www.lagou.com/jobs/3941822.html,"D轮+,14薪+,攻城狮氛围,弹性工作",2018-03-07 21:28:27
15k-20k,深圳,金融,深圳市人人聚财金融信息服务有限公司,本科,3-5年,数据分析师-互联网平台事业部-技术部,,,本科,"金融,大数据,数据挖掘",https://www.lagou.com/jobs/3984615.html,平台大；福利好，,2018-03-07 09:44:43
10k-15k,深圳,"电子商务,企业服务",北京通力互联技术服务有限公司,大专,3-5年,数据分析师,,,大专,"资深,BI,业务运营,大数据,sas",https://www.lagou.com/jobs/3836613.html,免费早餐 早晚班车 五险一金 年底双薪,2018-03-08 14:21:16
15k-30k,北京,"移动互联网,O2O",北京三快在线科技有限公司,本科,5-10年,数据分析师-景区,,,本科,"金融,电商,本地生活,资深,高级,运营",https://www.lagou.com/jobs/4071121.html,成长迅速,2018-03-08 15:09:44
18k-35k,北京,"移动互联网,社交网络",探探科技（北京）有限公司,本科,3-5年,数据分析专家,,,本科,"社交,资深,大数据,用户研究",https://www.lagou.com/jobs/3158568.html,"七险一金,股票期权,免费三餐,水果零食",2018-02-22 13:05:29
10k-20k,北京,"移动互联网,O2O",北京小度信息科技有限公司,本科,3-5年,数据分析师,,,本科,"本地生活,运营,BI",https://www.lagou.com/jobs/4165118.html,"五险一金,餐补,水果",2018-03-08 10:23:07
10k-15k,北京,"移动互联网,O2O",分享汇科技（北京）有限公司,本科,1-3年,数据分析师,,,本科,"高级,专员,助理,实习生,sas",https://www.lagou.com/jobs/4206029.html,六险一金，年底双薪，节日礼物,2018-03-08 10:21:55
15k-25k,北京,"电子商务,文化娱乐",北京值得买科技股份有限公司,不限,1-3年,数据分析师,,,不限,,https://www.lagou.com/jobs/4207060.html,"临近地铁,六险一金,福利好,环境好",2018-03-08 09:54:53
15k-25k,北京,电子商务,北京京东世纪贸易有限公司,本科,5-10年,数据分析经理,,,本科,"电商,商业,大数据,数据挖掘",https://www.lagou.com/jobs/4108096.html,"上市公司,五险一金,免费班车,午餐补贴",2018-02-28 13:18:51
20k-30k,北京,"电子商务,移动互联网",中企动力科技股份有限公司,本科,5-10年,数据分析师,,,本科,"高级,大数据,数据挖掘",https://www.lagou.com/jobs/4166982.html,六险一金，工作居住证，平台大，扁平管理,2018-03-07 15:28:37
15k-25k,北京,"移动互联网,广告营销",河北乐聘网络科技有限公司,本科,1-3年,数据分析师,,,本科,"大数据,SPSS,R",https://www.lagou.com/jobs/4128455.html,"大咖,平台好",2018-03-06 15:41:29
15k-25k,北京,"O2O,生活服务",北京五八到家信息技术有限公司,本科,3-5年,数据分析师,,,本科,"本地生活,高级,业务运营,大数据,数据挖掘",https://www.lagou.com/jobs/4151963.html,"六险一金,绩效奖金,弹性作业,年底双薪",2018-03-08 14:12:19
20k-35k,北京,"企业服务,数据服务",北京数美时代科技有限公司,本科,1-3年,数据分析师,,,本科,"大数据,数据挖掘",https://www.lagou.com/jobs/3587882.html,"大牛如云,技术氛围,大佬领投,待遇给力",2018-03-07 00:25:05
15k-20k,北京,游戏,北京新创娱游科技有限公司,本科,3-5年,数据分析师,,,本科,"游戏,资深,SPSS,sas",https://www.lagou.com/jobs/2870791.html,"免费用餐,饮料小吃,大牛指导,节日礼物",2018-03-08 10:23:50
12k-18k,北京,"教育,移动互联网",北京高思博乐教育科技股份有限公司,本科,3-5年,数据分析师,,,本科,"教育,大数据,数据挖掘",https://www.lagou.com/jobs/4141280.html,"上市公司,六险一金,午餐补助,周末双休",2018-03-08 18:00:29
10k-20k,北京,金融,普信恒业科技发展（北京）有限公司,本科,1-3年,数据分析,,,本科,"数据挖掘,SPSS,sas",https://www.lagou.com/jobs/3096758.html,"六险一金,丰厚年终",2018-03-07 17:26:03
15k-25k,北京,"移动互联网,教育",上海谦问万答吧云计算科技有限公司,本科,3-5年,数据分析师,,,本科,"教育,数据挖掘,用户研究",https://www.lagou.com/jobs/3953319.html,福利待遇好 发展空间大,2018-03-08 15:20:05
5k-6k,北京,教育,北京鲲鹏山水教育咨询有限公司,本科,1-3年,数据分析,,,本科,"专员,数据统计,沟通协调",https://www.lagou.com/jobs/4187633.html,"公司平台大,海龟众多,年轻团队,工作氛围好",2018-03-08 09:52:50
18k-28k,杭州,"金融,数据服务",杭州恩牛网络技术有限公司,本科,3-5年,BI/数据分析,,,本科,"金融,大数据,SPSS,sas",https://www.lagou.com/jobs/4166517.html,"六险一金,16薪起",2018-02-27 21:44:58
13k-20k,杭州,"移动互联网,数据服务",浙江执御信息技术有限公司,本科,1-3年,数据分析师,,,本科,"大数据,数据挖掘,SPSS",https://www.lagou.com/jobs/3359082.html,"公司前景好,自主性高,发挥空间大,海量数据",2018-03-06 14:03:34
20k-30k,杭州,数据服务,杭州橙鹰数据技术有限公司,本科,3-5年,数据分析专家,,,本科,"信息安全,大数据,数据挖掘,SPSS",https://www.lagou.com/jobs/3451073.html,"阿里巴巴旗,牛人多,资源多,待遇好",2018-03-02 15:21:14
30k-35k,杭州,移动互联网,苏州融畅软件科技有限公司,本科,5-10年,数据分析经理,,,本科,高级,https://www.lagou.com/jobs/4082917.html,"公司氛围好,福利待遇佳",2018-02-28 16:25:32
8k-15k,杭州,"移动互联网,金融",杭州大树网络技术有限公司,本科,不限,数据分析师,,,本科,,https://www.lagou.com/jobs/4051226.html,成长空间大,2018-03-08 15:20:46
10k-12k,杭州,"移动互联网,数据服务",浙江鸿程计算机系统有限公司,本科,3-5年,数据分析,,,本科,"大数据,数据挖掘",https://www.lagou.com/jobs/4201674.html,"五险一金,带薪年假,高温补贴",2018-03-05 12:45:44
8k-15k,杭州,"移动互联网,数据服务",杭州鸿泉物联网技术股份有限公司,本科,1-3年,数据分析师,,,本科,"R,数据管理",https://www.lagou.com/jobs/3738634.html,"股票期权,年终奖金,公司旅游,通讯补贴",2018-02-26 16:06:40
10k-20k,杭州,"广告营销,移动互联网",杭州九言科技股份有限公司,本科,1-3年,数据分析师（分析方向）,,,本科,大数据,https://www.lagou.com/jobs/2850740.html,"发展前景好,成长迅速",2018-03-07 17:24:38
18k-30k,杭州,"移动互联网 ,O2O",杭州迪火科技有限公司,硕士,1-3年,高级数据分析师,,,硕士,"旅游,大数据,BI,数据挖掘",https://www.lagou.com/jobs/4069705.html,绩效奖金 年终奖金 活跃团队,2018-03-08 18:07:31
10k-20k,杭州,"移动互联网,O2O",杭州优行科技有限公司,硕士,3-5年,数据分析师-商业运营,,,硕士,"大数据,数据挖掘,SPSS,sas",https://www.lagou.com/jobs/3507542.html,发展空间大,2018-03-06 21:32:34
10k-20k,杭州,"移动互联网,O2O",新光互联投资管理有限公司,本科,3-5年,数据分析工程师,,,本科,,https://www.lagou.com/jobs/3393508.html,福利好,2018-03-03 11:49:38
8k-15k,杭州,数据服务,北京东方国信科技股份有限公司,本科,1-3年,数据分析师,,,本科,,https://www.lagou.com/jobs/1691322.html,福利全、季度奖金、上市公司、双休,2018-03-01 13:48:33
8k-10k,杭州,"电子商务,移动互联网",浙江集商优选电子商务有限公司,本科,1-3年,数据分析师,,,本科,"支付,顾问,大数据,统计",https://www.lagou.com/jobs/4125007.html,奖金丰厚,2018-02-22 10:47:23
13k-25k,杭州,"移动互联网,生活服务",杭州大盒子汽车服务有限公司,本科,3-5年,数据分析师,,,本科,,https://www.lagou.com/jobs/4101236.html,"五险一金,双休,带薪休假",2018-03-07 11:09:05
10k-20k,杭州,"移动互联网,金融",杭州百赚网络科技有限公司,本科,3-5年,数据分析师,,,本科,,https://www.lagou.com/jobs/4217602.html,"五险一金,年终奖金,餐饮补贴,员工福利",2018-03-07 10:56:43
20k-40k,深圳,"移动互联网 ,游戏",腾讯科技(深圳)有限公司,硕士,不限,SNG16-数据分析工程师（深圳）,,,硕士,"数据挖掘,机器学习,深度学习,模式识别,大数据",https://www.lagou.com/jobs/2947000.html,"鹅厂福利,发展平台,免费班车",2018-03-08 16:17:04
8k-14k,深圳,"金融,移动互联网",深圳前海融金所互联网金融服务有限公司,本科,1-3年,数据分析师,,,本科,"大数据,数据挖掘,SPSS",https://www.lagou.com/jobs/3364470.html,"绩效奖金,员工旅游,五险一金,年底奖金",2018-03-07 18:27:31
8k-15k,深圳,"移动互联网,金融",深圳利民网金融信息服务有限公司,本科,3-5年,数据分析师,,,本科,"高级,业务运营,数据挖掘,SPSS",https://www.lagou.com/jobs/2567624.html,优秀团队管理 福利待遇好,2018-03-01 11:26:49
15k-30k,深圳,移动互联网,广东欧珀移动通信有限公司,本科,3-5年,高级数据分析工程师,,,本科,大数据,https://www.lagou.com/jobs/1670801.html,核心事业群 千万级日活 氛围好 组织扁平,2018-03-07 16:44:02
60k-100k,深圳,移动互联网,深圳市创梦天地科技有限公司,本科,5-10年,数据分析专家,,,本科,"游戏,广告营销,大数据,数据挖掘",https://www.lagou.com/jobs/3878118.html,"福利好,待遇优厚",2018-03-07 15:27:59
9k-13k,深圳,"移动互联网,游戏",北京思恩客广告有限公司,大专,3-5年,数据分析经理,,,大专,"游戏,广告营销,数据挖掘,SPSS",https://www.lagou.com/jobs/3646985.html,"4A公司,平台好,晋升快",2018-03-05 18:29:13
6k-10k,深圳,硬件,深圳市创客工场科技有限公司,本科,1-3年,数据分析专员,,,本科,业务分析,https://www.lagou.com/jobs/4151161.html,"国际化视野,创新文化,福利待遇好,精英团队",2018-03-07 18:25:03
15k-30k,深圳,"企业服务,金融",深圳白骑士大数据有限公司,本科,3-5年,数据分析师,,,本科,"金融,大数据",https://www.lagou.com/jobs/2428796.html,"平台大,创新型,有挑战",2018-03-05 10:16:39
20k-30k,深圳,游戏,厦门吉比特网络技术股份有限公司,本科,3-5年,数据分析经理/主管,,,本科,"游戏,运营,SPSS",https://www.lagou.com/jobs/4143358.html,"上市公司,平台大,福利好,发展空间大",2018-03-05 09:26:59
10k-20k,深圳,"移动互联网,金融",深圳众禄基金销售股份有限公司,本科,1-3年,数据分析师助理,,,本科,大数据,https://www.lagou.com/jobs/2855369.html,"新三板,年终奖,五险一金,项目奖金",2018-03-08 10:41:09
15k-25k,深圳,金融,深圳市人人聚财金融信息服务有限公司,本科,1-3年,数据分析师-科技赋能部,,,本科,"高级,中级",https://www.lagou.com/jobs/4192231.html,"五险一金,绩效奖金,节日福利,员工旅游",2018-03-07 09:44:40
10k-20k,深圳,金融,深圳市中安信业创业投资有限公司,本科,1-3年,数据分析师,,,本科,"金融,中级,初级,策略,量化",https://www.lagou.com/jobs/3714138.html,"福利待遇优,公司稳健,晋升宽广",2018-03-07 19:44:11
8k-12k,深圳,移动互联网、O2O,深圳链家房地产经纪有限公司,本科,1-3年,数据分析师主管,,,本科,"电商,媒体,app,推广,SPSS",https://www.lagou.com/jobs/4156294.html,"五险一金,扁平化管理,专业培训,晋升快",2018-03-04 16:42:58
15k-20k,深圳,"电子商务,移动互联网",深圳布谷鸟信息科技有限公司,本科,3-5年,资深数据分析师,,,本科,"电商,BI,大数据,数据管理",https://www.lagou.com/jobs/3899811.html,"五险一金,节日福利,环境好,团队氛围好",2018-02-26 11:57:55
15k-20k,深圳,金融,平安科技（深圳）有限公司,本科,不限,数据分析师（数据仓库）（深圳）,,,本科,"大数据,BI",https://www.lagou.com/jobs/3200572.html,公司发展前景好，福利待遇好,2018-03-08 15:52:24
10k-15k,北京,"移动互联网,O2O",北京三快在线科技有限公司,不限,1-3年,销售运营-数据分析,,,不限,"大数据,数据管理",https://www.lagou.com/jobs/3990359.html,"免费班车,五险一金,补充医疗,周末双休",2018-03-08 09:46:25
15k-25k,北京,"移动互联网,社交网络",探探科技（北京）有限公司,本科,1-3年,数据分析师（增长方向）,,,本科,"大数据,数据挖掘",https://www.lagou.com/jobs/4089215.html,"七险一金,免费三餐,期权鼓励",2018-02-22 13:05:29
14k-20k,北京,"移动互联网,文化娱乐",北京车之家信息技术有限公司,本科,3-5年,高级数据分析师,,,本科,"大数据,数据挖掘",https://www.lagou.com/jobs/4223033.html,"福利待遇好,团队氛围好",2018-03-07 18:12:07
15k-25k,北京,金融,钱包金服（北京）科技有限公司,不限,3-5年,高级数据分析,,,不限,,https://www.lagou.com/jobs/4188489.html,六险一金 带薪年假 年底双薪,2018-03-07 16:01:32
9k-12k,北京,"移动互联网,金融",深圳瑞银信信息技术有限公司,本科,1-3年,数据分析岗,,,本科,"风控,SPSS,sas",https://www.lagou.com/jobs/4147779.html,"五险一金,餐补,环境高大上,交通便利",2018-03-06 10:13:09
10k-20k,北京,教育,北京尚德在线教育科技有限公司,本科,1-3年,数据分析师,,,本科,"专员,业务运营,大数据,SPSS,sas",https://www.lagou.com/jobs/3742331.html,"五险一金,扁平化管理",2018-03-08 20:22:55
15k-30k,北京,移动互联网,北京陌上花科技有限公司,本科,1-3年,数据分析师,,,本科,"广告营销,大数据,商业,数据挖掘,SPSS",https://www.lagou.com/jobs/3926353.html,"股票期权,绩效奖金,技术大牛,弹性工作",2018-03-07 12:42:45
20k-40k,北京,移动互联网,北京达佳互联信息技术有限公司,本科,3-5年,高级数据分析师,,,本科,商业,https://www.lagou.com/jobs/4099611.html,"产品超赞,大牛团队,薪酬福利好",2018-03-06 20:47:28
50k-100k,北京,文化娱乐,北京佳士乐动漫科技有限公司,本科,5-10年,大数据分析师,,,本科,"SPSS,sas",https://www.lagou.com/jobs/4066052.html,待遇面议,2018-03-02 12:26:51
15k-30k,北京,"移动互联网 ,游戏",腾讯科技(深圳)有限公司,本科,3-5年,数据分析开发工程师,,,本科,"大数据,数据挖掘,hadoop",https://www.lagou.com/jobs/3512007.html,腾讯大平台,2018-03-07 14:24:29
8k-14k,北京,"移动互联网,硬件",北京比特大陆科技有限公司,本科,1-3年,数据分析,,,本科,"专员,业务运营,数据挖掘,SPSS,sas",https://www.lagou.com/jobs/3311874.html,"AI,弹性工作,六险一金,三餐+水果",2018-03-07 11:10:20
18k-25k,北京,"移动互联网,金融",北京掌众科技有限公司,本科,3-5年,数据分析师,,,本科,"机器人,消费金融,高级,大数据,数据挖掘",https://www.lagou.com/jobs/2885960.html,"技术大牛,氛围特浓厚,七险一金,地铁周边",2018-03-08 11:28:07
10k-20k,北京,"移动互联网,O2O",北京小度信息科技有限公司,本科,3-5年,数据分析,,,本科,"本地生活,数据挖掘,SPSS,sas",https://www.lagou.com/jobs/3744159.html,"晋升空间,餐补",2018-03-08 10:23:05
25k-45k,北京,"移动互联网,金融",北京瓴岳信息技术有限公司,本科,3-5年,数据分析师,,,本科,"专家,资深,高级,中级,反作弊",https://www.lagou.com/jobs/4206496.html,"弹性工作制,六险一金,14薪,午餐晚餐",2018-03-07 19:24:50
15k-30k,北京,"移动互联网,电子商务",北京每日优鲜电子商务有限公司,本科,3-5年,数据分析,,,本科,"电商,物流,数据挖掘,BI",https://www.lagou.com/jobs/4200719.html,年假 不打卡,2018-03-05 11:12:13
25k-30k,杭州,"移动互联网,数据服务",浙江执御信息技术有限公司,本科,3-5年,数据分析经理,,,本科,"移动互联网,数据挖掘,BI",https://www.lagou.com/jobs/4163649.html,"快速发展,共同成长,公司前景好,电子商务",2018-03-08 11:22:22
20k-35k,杭州,数据服务,杭州橙鹰数据技术有限公司,硕士,5-10年,数据分析专家,,,硕士,"资深,高级,数据挖掘,BI",https://www.lagou.com/jobs/3279185.html,"阿里巴巴,数据挖掘,大数据,职业前景",2018-03-02 15:21:39
8k-16k,杭州,"移动互联网,文化娱乐",浙江日报报业集团,本科,1-3年,数据分析/数据挖掘,,,本科,"大数据,用户研究",https://www.lagou.com/jobs/3448769.html,"国企,五险一金,最美食堂",2018-02-13 19:25:02
4k-5k,杭州,教育,杭州旦悦科技有限公司,本科,1年以下,数据分析专员,,,本科,"统计,数据管理",https://www.lagou.com/jobs/3826419.html,福利人性化，公司扁平化，团队亲和活力,2018-03-08 10:26:26
8k-16k,杭州,"移动互联网,硬件",杭州云造科技有限公司,大专,1-3年,数据分析工程师,,,大专,"信息安全,物流,运维,数据管理",https://www.lagou.com/jobs/4222892.html,"五险一金,周末双休,有薪病假,期权激励",2018-03-07 17:58:29
15k-25k,杭州,"广告营销,移动互联网",杭州九言科技股份有限公司,本科,3-5年,资深数据分析师（分析方向）,,,本科,,https://www.lagou.com/jobs/1670002.html,打造7000w用户的美好体验～,2018-03-07 17:24:37
2k-4k,杭州,移动互联网,杭州网蛙科技有限公司,本科,1-3年,数据分析师,,,本科,"大数据,可视化,实习生,数据挖掘,SPSS",https://www.lagou.com/jobs/4207027.html,"五险一金,多次调薪,绩效奖金,弹性工作",2018-03-05 21:26:47
8k-16k,杭州,移动互联网,杭州登虹科技有限公司,本科,3-5年,数据分析,,,本科,,https://www.lagou.com/jobs/4137576.html,"发展空间大,工作氛围好,各种团建",2018-03-05 17:23:32
10k-20k,杭州,"医疗健康,企业服务",观澜网络（杭州）有限公司,本科,3-5年,资深数据分析师,,,本科,大数据,https://www.lagou.com/jobs/2634553.html,机遇,2018-03-04 13:38:50
5k-8k,杭州,金融 移动互联网,杭州维杜科技有限公司,本科,1-3年,数据分析,,,本科,"金融,建模,行业研究",https://www.lagou.com/jobs/4212845.html,"团建活动,周末双休,5险一金,绩效奖励",2018-03-06 16:08:40
10k-20k,杭州,"电子商务,移动互联网",网易（杭州）有限公司,本科,5-10年,资深数据分析师,,,本科,"大数据,数据挖掘,SPSS",https://www.lagou.com/jobs/2497615.html,多业务领域,2018-02-27 17:34:21
8k-16k,杭州,"移动互联网,文化娱乐",杭州趣维科技有限公司,本科,1-3年,数据分析师,,,本科,"教育,视频,工具软件,数据挖掘,SPSS",https://www.lagou.com/jobs/4013954.html,"六险一金,弹性工时,绩效奖金,发展平台",2018-02-24 17:25:11
6k-12k,杭州,"企业服务,数据服务",杭州中奥科技有限公司,不限,不限,数据分析师,,,不限,"大数据,数据挖掘,算法,机器学习",https://www.lagou.com/jobs/2373277.html,弹性工作，丰厚奖金，下午茶，五险一金,2018-03-07 17:26:26
10k-18k,杭州,"企业服务,数据服务",深圳市流量海科技有限公司,本科,3-5年,数据分析,,,本科,"风控,sas",https://www.lagou.com/jobs/3867114.html,风险分析,2018-02-27 11:10:37
20k-30k,杭州,"电子商务,O2O",杭州端点网络科技有限公司,本科,3-5年,数据分析师,,,本科,"高级,专员,大数据,BI",https://www.lagou.com/jobs/3888540.html,机器学习算,2018-03-08 09:51:27
20k-40k,深圳,"移动互联网 ,游戏",腾讯科技(深圳)有限公司,本科,3-5年,SNG_BI_高级数据分析师,,,本科,"游戏,社交,数据挖掘,sas",https://www.lagou.com/jobs/3565742.html,"良好的氛围,机会多,业务范围广",2018-03-08 16:17:05
8k-12k,深圳,移动互联网、O2O,深圳链家房地产经纪有限公司,本科,1-3年,数据分析师主管,,,本科,"电商,媒体,SPSS,链家网",https://www.lagou.com/jobs/4146380.html,"五险一金,周末双休,专业培训,弹性工作",2018-03-04 16:42:57
10k-20k,深圳,金融,深圳市恒信永利金融服务有限公司,本科,1-3年,数据分析师,,,本科,"建模,量化",https://www.lagou.com/jobs/4153370.html,"领导好,年底双薪,带薪年假",2018-02-26 16:47:18
10k-20k,深圳,"移动互联网,数据服务",深圳市一面网络技术有限公司,本科,1-3年,数据分析师（数据科学方向）,,,本科,"数据挖掘,python",https://www.lagou.com/jobs/4138388.html,"五险一金,年度旅游,年度体检,生日会",2018-03-07 15:20:36
10k-20k,深圳,"金融,数据服务",百融（北京）金融信息服务股份有限公司,本科,1-3年,数据分析师,,,本科,"金融,银行,建模,风控,销售,大数据",https://www.lagou.com/jobs/3968052.html,"五险一金,商业保险,弹性工作,福利补贴",2018-03-06 13:44:04
4k-6k,深圳,"数据服务,移动互联网",深圳前瞻资讯股份有限公司,本科,1年以下,数据分析员,,,本科,"教育,医疗健康,大数据,编辑",https://www.lagou.com/jobs/4220791.html,"双休氛围好,发展空间大,薪资福利佳",2018-03-07 15:34:37
7k-9k,深圳,移动互联网、企业服务,深圳市曾点信息技术培训有限公司,本科,1-3年,数据分析,,,本科,"大数据,数据挖掘",https://www.lagou.com/jobs/3392072.html,"大平台,高效率,弹性工作,氛围好",2018-03-05 20:09:26
6k-8k,深圳,金融,深圳市名瑞德国际金融服务有限公司,大专,不限,数据分析师,,,大专,"金融,信息安全,证券,基金,操盘手",https://www.lagou.com/jobs/3785667.html,"员工聚餐,朝九晚五,周末双休,高薪资",2018-02-10 14:47:42
15k-30k,深圳,金融,深圳市中安信业创业投资有限公司,本科,3-5年,数据分析主管,,,本科,"资深,高级,大数据,业务运营,growth hacking",https://www.lagou.com/jobs/3926309.html,"平台稳健,福利待遇优,团队管理",2018-03-07 19:44:11
10k-20k,深圳,"移动互联网,旅游",深圳市客路网络科技有限公司,本科,1-3年,数据分析,,,本科,"金融,大数据,SPSS,sas",https://www.lagou.com/jobs/1928953.html,国际化平台+飞速发展+技术大牛+丰厚薪资,2018-03-07 15:30:26
20k-35k,深圳,电子商务,深圳盈富斯商业有限公司,本科,3-5年,数据分析主管,,,本科,"资深,高级,大数据,数据挖掘",https://www.lagou.com/jobs/4023836.html,"平台大,氛围好",2018-02-28 10:13:07
5k-8k,深圳,"移动互联网,游戏",北京思恩客广告有限公司,本科,不限,数据分析专员,,,本科,"游戏,广告营销,市场分析,SPSS",https://www.lagou.com/jobs/3966634.html,"4A公司,平台大,晋升快",2018-03-05 18:29:12
20k-30k,深圳,"移动互联网,硬件",厦门美图之家科技有限公司,大专,3-5年,数据分析师（美图秀秀）-深圳,,,大专,,https://www.lagou.com/jobs/4071567.html,海量用户，明星产品，数据驱动,2018-03-01 10:23:56
15k-25k,深圳,"O2O,生活服务",万科物业发展有限公司,本科,3-5年,高级数据分析师,,,本科,"BI,业务运营,大数据,数据挖掘,SPSS,sas",https://www.lagou.com/jobs/2894326.html,"弹性工作,团队好",2018-03-07 11:51:22
7k-10k,深圳,金融,深圳前海用友力合金融服务有限公司,本科,1-3年,数据分析岗（经营分析方向）,,,本科,商业,https://www.lagou.com/jobs/2238379.html,发展前景好+薪酬福利丰富+办公环境舒适,2018-03-08 10:45:03
15k-25k,北京,"移动互联网,O2O",北京三快在线科技有限公司,本科,1-3年,数据分析师,,,本科,"旅游,资深",https://www.lagou.com/jobs/2728418.html,互联网公司，大平台，待遇好,2018-02-28 11:00:40
10k-20k,北京,教育,北京尚德在线教育科技有限公司,本科,3-5年,数据分析师,,,本科,"高级,大数据,SPSS",https://www.lagou.com/jobs/3799200.html,发展空间大 团队氛围好,2018-03-07 11:44:07
15k-30k,北京,"移动互联网,金融",思凯思特（北京）科技有限公司,本科,不限,数据分析师,,,本科,"金融,移动互联网,中级,初级,大数据",https://www.lagou.com/jobs/3606515.html,"五险一金,弹性工作,工作居住证,商业医疗",2018-03-08 19:35:18
10k-20k,北京,数据服务,北京百分点信息科技有限公司,本科,3-5年,数据分析师,,,本科,"金融,汽车,大数据,数据挖掘,SPSS",https://www.lagou.com/jobs/2847917.html,"六险一金,带薪年假,交通补贴,弹性工作",2018-03-08 11:37:42
10k-15k,北京,金融,北京天天有余科技有限公司,本科,1-3年,数据分析,,,本科,"征信,资深,建模,大数据,数据挖掘",https://www.lagou.com/jobs/3801726.html,"五险一金,绩效奖金,下午茶,扁平化管理",2018-03-08 11:23:14
5k-10k,北京,"移动互联网,金融",北京慧融天下信息科技有限公司,本科,1-3年,数据分析,,,本科,"电商,专员,运营,商务拓展",https://www.lagou.com/jobs/4159472.html,"五星级办公,专业团队,福利多多",2018-03-07 18:16:46
15k-20k,北京,"移动互联网,金融",易联汇华（北京）科技有限公司,本科,1-3年,数据分析师,,,本科,"金融,数据挖掘,SPSS,sas",https://www.lagou.com/jobs/3453277.html,"五险一金,绩效奖金,带薪年假,交通补助",2018-03-07 15:47:40
15k-25k,北京,"金融,移动互联网",耀盛投资管理集团有限公司,本科,3-5年,数据分析师,,,本科,"算法,数据挖掘,大数据",https://www.lagou.com/jobs/3670898.html,"五险一金,弹性工作,互联网公司,职业发展",2018-03-07 09:42:04
20k-40k,北京,"移动互联网,O2O",北京小度信息科技有限公司,本科,3-5年,数据分析,,,本科,"大数据,数据挖掘,SPSS",https://www.lagou.com/jobs/3810870.html,"薪资高,五险一金,下午茶,餐补",2018-03-03 15:26:57
13k-26k,北京,"移动互联网,金融",包头市包银消费金融股份有限公司,本科,1-3年,高级数据分析J10040,,,本科,"金融,数据挖掘,用户研究",https://www.lagou.com/jobs/4071870.html,"六险一金,奖金丰厚,超长年假",2018-03-01 09:18:49
15k-25k,北京,"移动互联网,文化娱乐",北京车之家信息技术有限公司,本科,3-5年,数据分析师（影响力传播方向）,,,本科,"汽车,媒体,市场,策略",https://www.lagou.com/jobs/3979914.html,福利待遇好,2018-03-08 11:23:32
10k-20k,北京,"社交网络,文化娱乐",小糖互联（北京）网络科技有限公司,本科,1-3年,数据分析师,,,本科,"中级,初级,实习,大数据,数据挖掘",https://www.lagou.com/jobs/4223211.html,"蓝海领域,追求极致,弹性工作,六险一金",2018-03-07 18:32:14
15k-30k,北京,移动互联网,北京达佳互联信息技术有限公司,本科,3-5年,高级数据分析师,,,本科,商业,https://www.lagou.com/jobs/4148153.html,"产品超赞,大牛团队,薪酬福利好",2018-03-06 20:47:28
8k-15k,北京,"移动互联网,数据服务",北京瑞商源科技有限责任公司,本科,3-5年,数据分析师,,,本科,"教育,顾问,调研,SPSS,用户研究",https://www.lagou.com/jobs/4178089.html,"发展前景好,平台好",2018-03-08 14:18:36
20k-40k,北京,移动互联网,北京快乐茄信息技术有限公司,本科,3-5年,数据分析师,,,本科,"金融,总监,资深,数据挖掘,sas",https://www.lagou.com/jobs/3912614.html,"期权股权,福利补贴多,弹性上班,晋升快",2018-03-06 10:42:27
5k-10k,杭州,"移动互联网,数据服务",浙江执御信息技术有限公司,本科,不限,数据分析与运营专员,,,本科,"业务运营,大数据,SPSS,数学统计",https://www.lagou.com/jobs/4210441.html,"五险一金,绩效奖金,团队氛围佳,发展空间大",2018-03-06 13:10:14
20k-38k,杭州,数据服务,杭州橙鹰数据技术有限公司,硕士,3-5年,数据分析/数据运营专家,,,硕士,"可视化,商业,业务运营,数据挖掘,BI",https://www.lagou.com/jobs/3760677.html,"阿里,成就感,落地,期权",2018-03-02 12:24:44
15k-30k,杭州,"电子商务,移动互联网",网易（杭州）有限公司,本科,5-10年,资深数据分析工程师,,,本科,"电商,大数据",https://www.lagou.com/jobs/3245257.html,"诱惑力薪酬,业务前景好,优秀团队,平台宽广",2018-03-07 15:58:15
10k-20k,杭州,教育,杭州旦悦科技有限公司,本科,3-5年,高级数据分析专员,,,本科,"数据挖掘,深度学习,SPSS",https://www.lagou.com/jobs/4206873.html,数据挖掘 大数据分析,2018-03-08 10:26:23
10K-15K,杭州,其他,浙江圣奥家具制造有限公司,不限,3-5年,数据分析工程师 - BI,,,不限,"SQL,ERP,数据仓库,ETL",https://www.lagou.com/jobs/4026676.html,"五险一金,交通补贴,餐饮补贴,年终奖金",2018-03-01 13:52:04
4k-6k,杭州,"数据服务,广告营销",杭州多准数据技术有限公司,本科,不限,数据分析,,,本科,"电商,淘宝,天猫,京东",https://www.lagou.com/jobs/4208140.html,"团队有活力,零食天天有,桌球/游戏,美女如云",2018-03-06 10:08:37
15k-25k,杭州,"文化娱乐,移动互联网",大鱼快乐有限公司,本科,3-5年,数据分析专家-虾米音乐,,,本科,,https://www.lagou.com/jobs/4123493.html,专业平台,2018-02-20 16:23:47
4k-6k,杭州,"移动互联网,电子商务",杭州汇江容海网络有限公司,大专,1年以下,数据分析师,,,大专,"旅游,电商,专员,助理,实习生",https://www.lagou.com/jobs/4150505.html,"五险一金,带薪年假,体检,员工旅游",2018-03-05 10:03:45
10k-20k,杭州,"电子商务,数据服务",杭州垂衣网络科技有限公司,本科,1-3年,数据分析师,,,本科,"金融,高级,大数据,数据挖掘",https://www.lagou.com/jobs/4057642.html,"股票期权,解决创新问,扁平管理,美女如云",2018-02-19 15:54:27
8k-16k,杭州,"医疗健康,企业服务",观澜网络（杭州）有限公司,本科,1-3年,数据分析师（Insight）,,,本科,,https://www.lagou.com/jobs/3767994.html,"期权激励,弹性工作",2018-03-04 13:38:52
8k-15k,杭州,"移动互联网,电子商务",杭州巨晟信息科技有限公司,大专,3-5年,数据分析,,,大专,"电商,资深,高级,SPSS,数据管理",https://www.lagou.com/jobs/4219258.html,"晋升空间大,五险一金,双休,美女如云",2018-03-07 13:42:28
15k-30k,杭州,"移动互联网 ,电子商务",北京口袋时尚科技有限公司,本科,5-10年,业务数据分析专家,,,本科,"资深,大数据,业务运营,SPSS,sas",https://www.lagou.com/jobs/3338520.html,"期权激励,六险一金,弹性工作,全员Mac",2018-03-07 19:37:34
16k-30k,杭州,"移动互联网,硬件",北京伊电园网络科技有限公司,本科,5-10年,数据分析师,,,本科,"物流,BI,SPSS",https://www.lagou.com/jobs/4191134.html,"双休,五险一金,年终奖,氛围好",2018-03-07 19:39:07
15k-25k,杭州,"移动互联网,教育",浙江华为通信技术有限公司,本科,3-5年,大数据分析师,,,本科,"专家,资深,高级,数据挖掘,sas",https://www.lagou.com/jobs/4077982.html,"核心部门,虚拟股票,大牛云集",2018-03-06 10:08:22
10k-20k,杭州,"移动互联网,数据服务",杭州朗目达信息科技有限公司,本科,3-5年,数据分析师,,,本科,"数据挖掘,SPSS",https://www.lagou.com/jobs/4076409.html,"福利优厚,大牛多多,扁平管理,国际平台",2018-02-27 15:00:05
15k-30k,深圳,"移动互联网 ,游戏",腾讯科技(深圳)有限公司,本科,3-5年,数据分析开发工程师（深圳）,,,本科,"高级,数据挖掘",https://www.lagou.com/jobs/3383251.html,公司平台大，福利待遇好,2018-03-07 14:24:27
8k-10k,深圳,金融,深圳市名瑞德国际金融服务有限公司,大专,不限,数据分析专员/助理,,,大专,"实习,证券,外汇,操盘手,分析员",https://www.lagou.com/jobs/3785014.html,"福利待遇好,年底双薪,周末双休,晋升空间大",2018-03-08 17:04:58
15k-30k,深圳,金融,深圳市期待互联网科技有限公司,本科,3-5年,数据分析经理/评分卡经理,,,本科,"金融,建模,风控,资信评估,策略设计",https://www.lagou.com/jobs/3790626.html,"交通便利,办公氛围,福利多",2018-03-02 17:40:30
6k-8k,深圳,电子商务,闪现国际电子商务（深圳）有限公司,本科,1-3年,数据分析师,,,本科,"电商,专员,运营",https://www.lagou.com/jobs/4178731.html,发展平台,2018-02-28 18:26:31
12k-15k,深圳,"医疗健康,移动互联网",爱问医联科技（深圳）有限公司,本科,3-5年,高级数据分析师,,,本科,"金融,数据挖掘,SPSS,sas",https://www.lagou.com/jobs/3814547.html,"微博平台,互联网医疗,五险一金,爱问医联",2018-03-08 09:24:42
7k-14k,深圳,"移动互联网,金融",深圳达飞金融控股有限公司,本科,1-3年,数据分析师（呼叫中心）,,,本科,"金融,初级,大数据,数据挖掘,SPSS",https://www.lagou.com/jobs/3829013.html,五险一金，绩效奖金，员工活动,2018-03-01 19:26:40
12k-20k,深圳,"移动互联网,企业服务",深圳门庭科技有限公司,本科,3-5年,数据分析师,,,本科,"金融,数据挖掘,SPSS",https://www.lagou.com/jobs/4056754.html,"高薪,发展性强,期权,弹性工作",2018-03-01 14:59:25
15k-25k,深圳,其他,华润置地有限公司,本科,3-5年,数据分析工程师,,,本科,数据挖掘,https://www.lagou.com/jobs/3362051.html,午餐/交通/通讯补助，年假，五险一金等,2018-02-27 18:19:39
15k-25k,深圳,"移动互联网,硬件",深圳市大疆创新科技有限公司,本科,1-3年,数据分析师,,,本科,"大数据,数据挖掘,业务应用",https://www.lagou.com/jobs/4138932.html,发展前景好，福利待遇佳,2018-03-08 14:35:33
6k-8k,深圳,"移动互联网,金融",深圳市前海润杨金融服务有限公司,本科,1-3年,数据分析员,,,本科,"金融,建模,行业研究,数据标注",https://www.lagou.com/jobs/3923914.html,"五险一金,周末双休,班车接送,腾讯团队",2018-03-08 16:25:09
5k-7k,深圳,企业服务,深圳世联行地产顾问股份有限公司,本科,1-3年,数据分析员,,,本科,"房产服务,行业研究,市场分析",https://www.lagou.com/jobs/3748570.html,公司平台大，发展前景好,2018-03-07 10:26:25
12k-20k,深圳,"移动互联网,信息安全",深圳鹏开信息技术有限公司,本科,3-5年,数据分析师,,,本科,"金融,建模,sas",https://www.lagou.com/jobs/4126939.html,"项目稳定,加班少,团队氛围好,领导好",2018-03-01 18:16:54
20K-22K,深圳,"生活服务,文化娱乐",北京海伦品牌管理股份有限公司,本科,1-3年,数据分析师,,,本科,BI,https://www.lagou.com/jobs/4199457.html,期权分红、发展空间大、别墅区办公,2018-03-05 09:04:18
30k-60k,深圳,"移动互联网,游戏",深圳市乐易网络有限公司,本科,5-10年,资深数据分析工程师,,,本科,"媒体,广告营销,工具软件,广告投放,手游",https://www.lagou.com/jobs/3172452.html,"五险一金,年终奖金,无责任底薪",2018-03-08 10:22:11
10k-20k,深圳,"移动互联网,金融",深圳市随手科技有限公司,本科,3-5年,中级数据分析师（App方向）,,,本科,"理财,数据挖掘,大数据",https://www.lagou.com/jobs/4180953.html,"六险一金,弹性工作时,周末双休,晋升调休",2018-03-08 08:42:10
20k-35k,北京,"移动互联网,O2O",北京三快在线科技有限公司,本科,3-5年,资深/高级数据分析师,,,本科,"大数据,数据管理",https://www.lagou.com/jobs/4228628.html,大平台,2018-03-08 16:33:26
15k-25k,北京,O2O,紫梧桐（北京）资产管理有限公司,本科,3-5年,数据分析,,,本科,"本地生活,商业",https://www.lagou.com/jobs/3329151.html,晋升空间大,2018-03-05 22:07:24
10k-20k,北京,教育,北京尚德在线教育科技有限公司,本科,3-5年,数据分析师,,,本科,"大数据,SPSS",https://www.lagou.com/jobs/3654055.html,"薪资高,福利棒,年轻团队,升值空间",2018-03-01 14:16:58
13k-20k,北京,"移动互联网,社交网络",家宅融智（北京）科技有限公司,本科,3-5年,数据分析师,,,本科,"高级,商业,业务运营,SPSS,sas",https://www.lagou.com/jobs/4210287.html,"弹性工作,扁平化管理,环境舒适,团队氛围好",2018-03-08 18:20:19
8k-16k,北京,移动互联网,北京博乐科技有限公司,本科,不限,数据分析,,,本科,"游戏,专员,助理,实习生,手游",https://www.lagou.com/jobs/4215121.html,"13薪,年底奖金,丰盛下午茶,环境高大上",2018-03-08 15:15:50
13k-23k,北京,"移动互联网,游戏",竞技世界（北京）网络技术有限公司,本科,1-3年,数据分析/挖掘工程师,,,本科,"游戏,大数据,数据挖掘",https://www.lagou.com/jobs/4068251.html,"带薪年假,年终奖,交通补助,交通补助",2018-03-08 11:04:49
15k-25k,北京,"O2O,生活服务",北京五八到家信息技术有限公司,本科,3-5年,数据分析师,,,本科,"大数据,数据挖掘,growth",https://www.lagou.com/jobs/4083559.html,核心业务核心岗位，数据驱动业务成长,2018-03-08 10:11:08
20k-30k,北京,"文化娱乐,广告营销",北京影谱科技股份有限公司,本科,1-3年,数据分析师,,,本科,"大数据,数据挖掘,SPSS",https://www.lagou.com/jobs/3763978.html,"技术大牛,美女老板,独角兽企业,上市公司",2018-03-01 09:31:12
15k-25k,北京,"移动互联网,数据服务",北京云中融信网络科技有限公司,本科,1-3年,数据分析师,,,本科,"大数据,数据挖掘,数据开发",https://www.lagou.com/jobs/4220857.html,"福利好,老板赞,弹性工作,补充医疗",2018-03-07 15:39:01
15k-30k,北京,移动互联网,北京嘀嘀无限科技发展有限公司,本科,1-3年,数据分析师(J170720003),,,本科,滴滴,https://www.lagou.com/jobs/4216889.html,平台大，发展快，福利好,2018-03-07 10:15:25
20k-35k,北京,"移动互联网,教育",北京新东方迅程网络科技有限公司,本科,3-5年,数据分析师,,,本科,"数据挖掘,SPSS",https://www.lagou.com/jobs/3971757.html,"在线教育,腾讯入资,新东方在线",2018-03-08 17:48:22
15k-22k,北京,"移动互联网,电子商务",中体彩科技发展有限公司,本科,3-5年,数据分析,,,本科,"云计算,大数据,数据挖掘,SPSS",https://www.lagou.com/jobs/3833356.html,公益行业，弹性工作，活动丰富，临近地铁,2018-03-08 16:54:13
15k-30k,北京,"电子商务,数据服务",北京京东世纪贸易有限公司,本科,1-3年,数据分析师-网安方向,,,本科,,https://www.lagou.com/jobs/3992892.html,"大平台,机会多,福利好,待遇好",2018-03-08 15:43:15
15k-30k,北京,"移动互联网,电子商务",深圳天宏迅联科技发展有限公司,本科,5-10年,大数据分析师,,,本科,"资深,高级,数据挖掘,机器学习,人工智能",https://www.lagou.com/jobs/4019863.html,"海量数据,人工智能,数字经理,产业互联网",2018-03-08 13:55:53
4k-5k,北京,"移动互联网,数据服务",北京搜狗科技发展有限公司,本科,不限,商业营销-数据分析师（派遣）,,,本科,金融,https://www.lagou.com/jobs/2675741.html,大平台、优秀团队,2018-03-08 11:01:36
20k-35k,杭州,数据服务,杭州橙鹰数据技术有限公司,本科,3-5年,资深数据分析师,,,本科,"高级,数据挖掘,机器学习,深度学习",https://www.lagou.com/jobs/3261345.html,"阿里巴巴,数据挖掘,发展前景,公共安全",2018-03-02 15:21:31
15k-30k,杭州,"移动互联网,数据服务",浙江执御信息技术有限公司,本科,3-5年,高级数据分析师,,,本科,"电商,资深,SPSS,sas",https://www.lagou.com/jobs/4072038.html,"发展前景好,工作氛围好,薪酬福利好",2018-03-07 13:23:03
10k-20k,杭州,"电子商务,移动互联网",网易（杭州）有限公司,本科,1-3年,数据分析师,,,本科,,https://www.lagou.com/jobs/2228331.html,网易平台，福利薪资,2018-03-06 14:46:07
10k-15k,杭州,"移动互联网,金融",杭州奥发金融服务外包有限公司,本科,1-3年,数据分析师,,,本科,"金融,中级,算法,数据挖掘,量化",https://www.lagou.com/jobs/3722677.html,"数据分析,数据挖掘,算法",2018-02-27 10:00:49
6k-10k,杭州,"移动互联网,金融",浙江人众金融服务股份有限公司,大专,1-3年,数据分析师,,,大专,"大数据,数据挖掘",https://www.lagou.com/jobs/4150017.html,"五险一金,不定期旅游,年终奖金,固定体检",2018-03-07 14:35:29
10k-20k,杭州,"移动互联网,电子商务",深圳雅乐科技有限公司,本科,1-3年,数据分析师,,,本科,"大数据,数据挖掘",https://www.lagou.com/jobs/3850946.html,"做五休二,五险一金,年度体检,无限零食",2018-03-06 17:09:04
5k-8k,杭州,电子商务,杭州至美营销策划有限公司,本科,1-3年,数据分析专员,,,本科,"电商,大数据,运营",https://www.lagou.com/jobs/4113233.html,"两次调薪,扁平化管理,办公环境好",2018-03-08 18:40:19
10k-20k,杭州,电子商务,杭州磅礴科技有限公司,本科,3-5年,高级数据分析,,,本科,"总监,资深,大数据,业务运营",https://www.lagou.com/jobs/4194276.html,"项目前景好,期权奖励,五险一金,双休",2018-03-08 19:11:32
8k-15k,杭州,游戏,杭州勤路软件有限公司,本科,不限,数据分析师,,,本科,"游戏,广告营销,广告投放,SEM",https://www.lagou.com/jobs/3985426.html,"项目盈利,团队成熟",2018-02-26 09:42:09
7k-14k,杭州,"金融,数据服务",杭州瑞勤数据技术有限公司,本科,1-3年,数据分析师,,,本科,"中级,初级,大数据,数据挖掘",https://www.lagou.com/jobs/3897953.html,"大数据分析,六险一金,技能培训,带薪年假",2018-03-05 11:30:01
6k-12k,杭州,移动互联网,杭州百米贩网络科技有限公司,大专,1-3年,数据分析师,,,大专,,https://www.lagou.com/jobs/4198436.html,"双休,五险一金",2018-03-04 12:05:16
20k-40k,杭州,"移动互联网,金融",浙江孚临科技有限公司,本科,1-3年,数据分析师,,,本科,"金融,数据挖掘,建模",https://www.lagou.com/jobs/3599233.html,"期权,五险一金,行业大牛,成长氛围",2018-03-04 10:51:57
3k-5k,杭州,"移动互联网,教育",杭州导领科技有限公司,本科,不限,数据分析师,,,本科,,https://www.lagou.com/jobs/626355.html,双休、五险、旅游、提升平台,2018-03-01 17:50:26
10k-15k,杭州,移动互联网,浙江每日互动网络科技股份有限公司,不限,不限,数据分析师（咨询部）,,,不限,"专家,软件开发,大数据,数据管理",https://www.lagou.com/jobs/3116205.html,16-18薪，生日Par，餐补,2018-02-28 10:54:16
4K-6K,杭州,"移动互联网,金融",杭州快钱网络科技有限公司,本科,1年以下,数据分析,,,本科,,https://www.lagou.com/jobs/4129751.html,五险一金、双休、交通补贴,2018-02-23 10:03:18
6k-8k,深圳,金融,深圳市名瑞德国际金融服务有限公司,大专,不限,数据分析专员/金融助理,,,大专,"股票,证券,期货,外汇,操盘手,经纪人",https://www.lagou.com/jobs/3794202.html,"免费培训,晋升空间大,外出旅游,周末双休",2018-03-08 17:53:41
20k-35k,深圳,电子商务,深圳盈富斯商业有限公司,本科,3-5年,高级数据分析,,,本科,"资深,大数据,数据挖掘",https://www.lagou.com/jobs/3950166.html,"平台大,氛围好,领导好",2018-02-28 10:13:08
10k-20k,深圳,游戏,深圳淘乐网络科技有限公司,本科,不限,手游数据分析,,,本科,"游戏,运营,数据开发",https://www.lagou.com/jobs/3892763.html,"周末双休,免费三餐,优秀团队,年底双薪",2018-03-08 18:10:33
8k-16k,深圳,金融,中腾信金融信息服务（上海）有限公司,本科,1-3年,数据分析师（贷中与数据决策方向）,,,本科,"金融,建模,sas",https://www.lagou.com/jobs/4223076.html,"互联网金融,大平台,奖金丰厚",2018-03-07 18:16:07
7k-13k,深圳,文化娱乐,深圳市中网彩网络技术有限公司,本科,1-3年,数据分析专员（天天盈球）,,,本科,"体育运动,运营,数据管理",https://www.lagou.com/jobs/4108814.html,"薪酬福利优,项目前景好",2018-03-07 17:01:30
5k-8k,深圳,"电子商务,其他",深圳全棉时代科技有限公司,本科,1-3年,数据分析专员,,,本科,电商,https://www.lagou.com/jobs/3565825.html,"发展前景好,晋升空间大,工作氛围好,公司福利好",2018-02-27 14:01:14
15k-30k,深圳,"移动互联网 ,游戏",腾讯科技(深圳)有限公司,本科,3-5年,18402-【侍魂】手游数据分析,,,本科,"游戏,数值",https://www.lagou.com/jobs/4203915.html,"五险一金,带薪休假,绩效奖金,扁平管理",2018-03-05 15:56:07
10k-20k,深圳,"移动互联网,O2O",深圳市百米生活股份有限公司,大专,3-5年,DBA数据分析师,,,大专,"数据库,hive,MySQL数据库,数据管理",https://www.lagou.com/jobs/3530429.html,"完善福利,周末双休,五险一金,办公环境好",2018-03-07 17:59:52
20k-35k,深圳,金融,深圳市小牛在线互联网信息咨询有限公司,本科,5-10年,高级数据分析师,,,本科,"金融,数据挖掘,sas",https://www.lagou.com/jobs/3972535.html,"晋升空间大,发挥空间大,福利待遇好,下午茶",2018-03-05 10:38:48
9k-18k,深圳,"电子商务,O2O",深圳市对酒当歌科技有限公司,本科,1-3年,数据分析工程师,,,本科,数据仓库,https://www.lagou.com/jobs/1266993.html,该有的都有,2018-02-26 15:21:45
20k-30k,深圳,金融,博时基金管理有限公司,本科,1-3年,互联网金融数据分析岗,,,本科,"金融,资深,大数据,SPSS,sas",https://www.lagou.com/jobs/4078078.html,"薪酬高,工作氛围好",2018-02-27 08:59:48
20k-40k,深圳,移动互联网,维沃移动通信有限公司,本科,3-5年,高级数据分析工程师,,,本科,"算法,数据挖掘,大数据,BI,python",https://www.lagou.com/jobs/4041046.html,"股票期权,年终奖,发展空间,平台好",2018-03-06 09:21:39
6k-8k,深圳,其他,新百丽鞋业（深圳）有限公司,本科,1-3年,数据分析师,,,本科,"商业,业务运营,统计,SPSS,数据管理",https://www.lagou.com/jobs/3602556.html,"五险一金,定期体检,年度旅游,节日福利",2018-03-05 14:15:17
15k-25k,深圳,"移动互联网,金融",深圳市随手科技有限公司,本科,5-10年,高级数据分析师（App方向）,,,本科,"理财,大数据,数据挖掘,SPSS",https://www.lagou.com/jobs/4180894.html,"六险一金,弹性工作时,周末双休,晋升调薪",2018-03-08 08:42:10
6k-10k,深圳,"电子商务,移动互联网",深圳布谷鸟信息科技有限公司,大专,1-3年,中级数据分析员,,,大专,"高级,大数据,BI,统计,SPSS",https://www.lagou.com/jobs/4067708.html,"福利多多,俊男靓女,绩效奖金,发展迅猛",2018-02-26 11:57:55
